sort_4;7000;2.786250385455787;0.089058604091406;0.624826449900866;1.965101911686361;0.107250140979886
sort_4;7000;2.771926480345428;0.088857035152614;0.613627152517438;1.962349065579474;0.107083533890545
sort_4;7000;2.783871310763061;0.088745343498886;0.614439773373306;1.973341938108206;0.107335640117526
sort_4;7000;2.788399653509259;0.088761751540005;0.617354849353433;1.975112259387970;0.107162187807262
sort_4;7000;2.771167475730181;0.088681375607848;0.615746493451297;1.959672903642058;0.107057472690940
sort_4;7000;2.765500809065998;0.088734480552375;0.610840793699026;1.958705816417933;0.107211378403008
sort_4;7000;2.773508331738412;0.088798493146896;0.614525280892849;1.963082114234567;0.107092319987714
sort_4;7000;2.778822047635913;0.088534486480057;0.615052349865437;1.968163409270346;0.107061691582203
sort_4;7000;2.790031575597823;0.089070925489068;0.627001746557653;1.966656412929296;0.107292453758419
sort_4;7000;2.787488759495318;0.088445578701794;0.626198735088110;1.965785987675190;0.107049885205925
sort_4;7000;2.782236721366644;0.088456459343433;0.617182733491063;1.969572426751256;0.107015735469759
sort_4;7000;2.775377196259797;0.088496320880949;0.613754209131002;1.965970789082348;0.107146091759205
sort_4;7000;2.786451843567193;0.088547063991427;0.627020272426307;1.963765706866980;0.107109505683184
sort_4;7000;2.777593559585512;0.088400770910084;0.620157990604639;1.961960161104798;0.107065136544406
sort_4;7000;2.780844504013658;0.088528550229967;0.608818139880896;1.976390907540917;0.107096567749977
sort_4;7000;2.778789466246963;0.088567993603647;0.619806603528559;1.963330219499767;0.107074595987797
sort_4;7000;2.773229628801346;0.088573934510350;0.614385079592466;1.963181338272989;0.107079525478184
sort_4;7000;2.776673995889723;0.088598109781742;0.615603847429156;1.965423638932407;0.107040261849761
sort_4;7000;2.794988833367825;0.088476898148656;0.622280566021800;1.977056490257382;0.107165145687759
sort_4;7000;2.781407342292368;0.088568920269608;0.611153720878065;1.974593957886100;0.107081560418010
sort_4;8000;2.785967792384326;0.092119955457747;0.641279594972730;1.927641264162958;0.124916913919151
sort_4;8000;2.784259645268321;0.088708828203380;0.639176859520376;1.931584117934108;0.124778041616082
sort_4;8000;2.780343186110258;0.088915913365781;0.630056697875261;1.936599772423506;0.124760051257908
sort_4;8000;2.777353207580745;0.088593892753124;0.637010773643851;1.926898582838476;0.124839618802071
sort_4;8000;2.779430564492941;0.088573805056512;0.634978102520108;1.931112496182323;0.124754356220365
sort_4;8000;2.782611928880215;0.088727938942611;0.640681742690504;1.928323574364185;0.124867238104343
sort_4;8000;2.789883501827717;0.088711805641651;0.648004463873804;1.928560945205390;0.124594328925014
sort_4;8000;2.803984273225069;0.088540794327855;0.657198909670115;1.931866127997637;0.126364422962070
sort_4;8000;2.795046071521938;0.089660039171576;0.654822186566889;1.925743817351758;0.124808253720403
sort_4;8000;2.786684013903141;0.088476596400142;0.640324215404689;1.933236684650183;0.124635617248714
sort_4;8000;2.786706356331706;0.088492043316364;0.642195180989802;1.931347037665546;0.124661566689610
sort_4;8000;2.770388736389577;0.088330049999058;0.636298226192594;1.921018900349736;0.124731021933258
sort_4;8000;2.783821718767285;0.088471768423915;0.645037855952978;1.925720303319395;0.124580374918878
sort_4;8000;2.782704493962228;0.088355405256152;0.636051171459258;1.933595698326826;0.124690696597099
sort_4;8000;2.777821098454297;0.088604124262929;0.639105197042227;1.925429260358214;0.124670852907002
sort_4;8000;2.778107832185924;0.088578532449901;0.636852940544486;1.927946190349758;0.124716792255640
sort_4;8000;2.784238941967487;0.088497201912105;0.642564278095961;1.928364511579275;0.124801449477673
sort_4;8000;2.782962776720524;0.088483744300902;0.637926403433084;1.931867513805628;0.124675018712878
sort_4;8000;2.778426360338926;0.088367645628750;0.636795822530985;1.928586139343679;0.124664300121367
sort_4;8000;2.788851138204336;0.088418795727193;0.636690413579345;1.935499656945467;0.128230326808989
sort_4;9000;2.806297491304576;0.088848777115345;0.659714887849987;1.913096904754639;0.144624774344265
sort_4;9000;2.815036579035223;0.088950593955815;0.666033498942852;1.915306704118848;0.144733741879463
sort_4;9000;2.832941561006010;0.088756314478815;0.672719471156597;1.926838410086930;0.144615649245679
sort_4;9000;2.810946409590542;0.088600381277502;0.657885558903217;1.919704454019666;0.144744143821299
sort_4;9000;2.812312408350408;0.088633405975997;0.659362283535302;1.919720737263560;0.144584358669817
sort_4;9000;2.807413222268224;0.088598101399839;0.664955276995897;1.909332172013819;0.144516513682902
sort_4;9000;2.814406990073621;0.088721211999655;0.658043490722775;1.923117744736373;0.144513231702149
sort_4;9000;2.811225810088217;0.088712138123810;0.664624096825719;1.912530187517405;0.145348074845970
sort_4;9000;2.842154863290489;0.088884400203824;0.677528570406139;1.931232333183289;0.144488216377795
sort_4;9000;2.822715700604022;0.088771035894752;0.672173544764519;1.917254365049303;0.144504735246301
sort_4;9000;2.818479173816741;0.088778093457222;0.669812682084739;1.915506248362362;0.144371096976101
sort_4;9000;2.821593247354031;0.088858501054347;0.664285116828978;1.923991726711392;0.144445370882750
sort_4;9000;2.801572222262621;0.088778104633093;0.660351913422346;1.908013101667166;0.144418235868216
sort_4;9000;2.830846294760704;0.088298633694649;0.668822493404150;1.929279052652419;0.144435266964138
sort_4;9000;2.818956643342972;0.088612783700228;0.663278310559690;1.922664200887084;0.144389967434108
sort_4;9000;2.848514466546476;0.088608570396900;0.670571177266538;1.944925173185766;0.144398042932153
sort_4;9000;2.804986127652228;0.088561387732625;0.664074163883924;1.908001525327563;0.144336949102581
sort_4;9000;2.812315542250872;0.088687972165644;0.661623260006309;1.917651049792767;0.144343107938766
sort_4;9000;2.804067144170403;0.088641592301428;0.659232726320624;1.911559558473527;0.144620903767645
sort_4;9000;2.821503682062030;0.088661818765104;0.668292909860611;1.920173289254308;0.144363421946764
sort_4;10000;2.828188425861299;0.089175138622522;0.692744700238109;1.879410557448864;0.166845949366689
sort_4;10000;2.835002848878503;0.088891658931971;0.692595800384879;1.886781649664044;0.166724202223122
sort_4;10000;2.828161449171603;0.088591229170561;0.693284800276160;1.879472853615880;0.166802521795034
sort_4;10000;2.828181332908571;0.088427791371942;0.690647036768496;1.882354732602835;0.166740581393242
sort_4;10000;2.830899234861135;0.088601287454367;0.691715476103127;1.883925096131861;0.166645736433566
sort_4;10000;2.823448237963021;0.088599469512701;0.688746943138540;1.879458661191165;0.166632492095232
sort_4;10000;2.819845594465733;0.088429725728929;0.689320934005082;1.875536133535206;0.166545838117599
sort_4;10000;2.860642204061151;0.088574850000441;0.695380009710789;1.910042539238930;0.166634351946414
sort_4;10000;2.833664397709072;0.088680607266724;0.690409680828452;1.887912813574076;0.166649656370282
sort_4;10000;2.818918364122510;0.088661532849073;0.687686874531209;1.875929037109017;0.166629192419350
sort_4;10000;2.829099380411208;0.088530012406409;0.691332553513348;1.882516507059336;0.166709085926414
sort_4;10000;2.827896504662931;0.088593156076968;0.696494075469673;1.876107036136091;0.166691118851304
sort_4;10000;2.848486995324492;0.088541620410979;0.695126187056303;1.898093967698514;0.166714543476701
sort_4;10000;2.818920410238206;0.088507028296590;0.687128425575793;1.876653665676713;0.166620092466474
sort_4;10000;2.821917431429029;0.088502444326878;0.686080709099770;1.880815191194415;0.166507838293910
sort_4;10000;2.828478761948645;0.088511516340077;0.697380947880447;1.875937576405704;0.166638604365289
sort_4;10000;2.825152500532568;0.088574463501573;0.695019817911088;1.874657458625734;0.166889689862728
sort_4;10000;2.832379137165844;0.088652298785746;0.698926589451730;1.878247667104006;0.166540948674083
sort_4;10000;2.818607898429036;0.088498519733548;0.686551072634757;1.876680081710219;0.166866425424814
sort_4;10000;2.833402052521706;0.088501169346273;0.695247441530228;1.882749209180474;0.166892106644809
sort_4;5000;2.928241868503392;0.093180012889206;0.586094434373081;2.165380173362792;0.083577189594507
sort_4;5000;2.913535087369382;0.093400526791811;0.588397723622620;2.148247078061104;0.083479220978916
sort_4;5000;2.914710326120257;0.093224564567208;0.586992215365171;2.150946490466595;0.083537100814283
sort_4;5000;2.914130694232881;0.093206315301359;0.590027352795005;2.147799820639193;0.083087187260389
sort_4;5000;2.902199383825064;0.092691359110177;0.585113369859755;2.141051394864917;0.083334280177951
sort_4;5000;2.906310321763158;0.093258511275053;0.582526267506182;2.146941739134490;0.083574228920043
sort_4;5000;2.932001904584467;0.093677422963083;0.597026949748397;2.157458146102726;0.083830368705094
sort_4;5000;2.891898098401725;0.093839213252068;0.581336330622435;2.133724698796868;0.082982858642936
sort_4;5000;2.920413092710078;0.093030032701790;0.588127837516367;2.155728791840374;0.083515048958361
sort_4;5000;2.939375140704215;0.093248393386602;0.585863326676190;2.176948200911283;0.083304221741855
sort_4;5000;2.922023772262037;0.093161252327263;0.594363720156252;2.151694541797042;0.082795090973377
sort_4;5000;2.939170961268246;0.092843763530254;0.587136453017592;2.175784826278687;0.083395664580166
sort_4;5000;2.905924484133720;0.093834539875388;0.591148300096393;2.137948692776263;0.082982417196035
sort_4;5000;2.914136698469520;0.092897867783904;0.586191168054938;2.152200280688703;0.082837582565844
sort_4;5000;2.923849572427571;0.092917636036873;0.593965685926378;2.154098698869348;0.082856453955173
sort_4;5000;2.909922841005027;0.092485751025379;0.583177508786321;2.151330575346947;0.082920247688890
sort_4;5000;2.909265871159732;0.092500855214894;0.582641910761595;2.150943566113710;0.083170102909207
sort_4;5000;2.873990027233958;0.092488863505423;0.581378045491874;2.118572887964547;0.081539484672248
sort_4;5000;2.877153421752155;0.091488544829190;0.581376027315855;2.122675708495080;0.081602781079710
sort_4;5000;2.885927428491414;0.091536391526461;0.586182550527155;2.126685781404376;0.081512561067939
sort_4;6000;2.915822525508702;0.093028993345797;0.610006460919976;2.115752825513482;0.097024602815509
sort_4;6000;2.922837296500802;0.093326260335743;0.606290995143354;2.126098256558180;0.097113561816514
sort_4;6000;2.922917068935931;0.093069484457374;0.617773502133787;2.115010706707835;0.097052754834294
sort_4;6000;2.931121445260942;0.092953227460384;0.614517581649125;2.126855813898146;0.096784251742065
sort_4;6000;2.909746307879686;0.092555144801736;0.610711750574410;2.109345692209899;0.097124121151865
sort_4;6000;2.918400954455137;0.092941920273006;0.614817640744150;2.113465379923582;0.097165697254241
sort_4;6000;2.940769775770605;0.093049272894859;0.610247479751706;2.140005704946816;0.097457554191351
sort_4;6000;2.924460367299616;0.093559873290360;0.611242746002972;2.123039593920112;0.096607572399080
sort_4;6000;2.955498324707150;0.092563236132264;0.616142739541829;2.149414154700935;0.097367506474257
sort_4;6000;2.916177197359502;0.092008067294955;0.612049825489521;2.115268302150071;0.096840669400990
sort_4;6000;2.904584157280624;0.092655086889863;0.604254573583603;2.111177731305361;0.096485487185419
sort_4;6000;2.921385346911848;0.092576629482210;0.612455775029957;2.118939210660756;0.097403539344668
sort_4;6000;2.896360463462770;0.092759007588029;0.606069524772465;2.101025989279151;0.096496772952378
sort_4;6000;2.925277492031455;0.092552348040044;0.607874234206975;2.128440334461629;0.096400736831129
sort_4;6000;2.919984155334532;0.092867130413651;0.612424234859645;2.118525831028819;0.096157559193671
sort_4;6000;2.906567303463817;0.091846427880228;0.607918082736433;2.110653136856854;0.096140981651843
sort_4;6000;2.906634887680411;0.091271724551916;0.611845669336617;2.106775237247348;0.096732512116432
sort_4;6000;2.866910826414824;0.091712589375675;0.604072453454137;2.076256738044322;0.094858569093049
sort_4;6000;2.887481443583965;0.091149020940065;0.604973727837205;2.096397325396538;0.094951332546771
sort_4;6000;2.888647972606122;0.091361354105175;0.617158370092511;2.085267489776015;0.094851103611290
sort_2;9000;2.982195436954498;0.090544201433659;0.804195702075958;1.942964675836265;0.144470441155136
sort_2;9000;2.909566213376820;0.089768473058939;0.752313996665180;1.922087695449591;0.145379388704896
sort_2;9000;3.101138572208583;0.090027448721230;0.930738383904099;1.935888960026205;0.144464368000627
sort_2;9000;2.895110657438636;0.088804520666599;0.746234902180731;1.915566675364971;0.144488236866891
sort_2;9000;2.929102336987853;0.090305238962173;0.768606052733958;1.925809750333428;0.144365340471268
sort_2;9000;2.907417016103864;0.088647152297199;0.732623173855245;1.941780590452254;0.144350931048393
sort_2;9000;2.998473764397204;0.088923688977957;0.850062441080809;1.914818561635911;0.144652510993183
sort_2;9000;3.001387331634760;0.090749782510102;0.827971553429961;1.938296144828200;0.144341778941453
sort_2;9000;2.900455650873482;0.088490844704211;0.737240124493837;1.930346146225929;0.144361840561032
sort_2;9000;2.887462537735701;0.088509570807219;0.734135388396680;1.920429037883878;0.144373204559088
sort_2;9000;2.912612715736032;0.088545948266983;0.748637769371271;1.930808123201132;0.144604036584496
sort_2;9000;2.908359769731760;0.088521927595139;0.749757352285087;1.925620461814106;0.144443204626441
sort_2;9000;2.900167571380734;0.088830221444368;0.748598626814783;1.918281637132168;0.144437945447862
sort_2;9000;2.924870252609253;0.088816039264202;0.770829761400819;1.920766938477755;0.144441673532128
sort_2;9000;2.911238520406187;0.088676766492426;0.739792011678219;1.938396101817489;0.144356977194548
sort_2;9000;2.882960923947394;0.088568493723869;0.736044802702963;1.914015559479594;0.144314209930599
sort_2;9000;2.906675667501986;0.088497020304203;0.744268208742142;1.929342154413462;0.144550962373614
sort_2;9000;2.961950817145407;0.089101135730743;0.791440358385444;1.937027480453253;0.144366506487131
sort_2;9000;2.916215461678803;0.088809617795050;0.756226697936654;1.926742297597229;0.144419527612627
sort_2;9000;2.925078892149031;0.088795957155526;0.767767037265003;1.924068116582930;0.144431742839515
sort_2;5000;2.895839951932430;0.090899567119777;0.648965179920197;2.074609804898500;0.081345362588763
sort_2;5000;2.931560397148132;0.091286158189178;0.660381116904318;2.098132207058370;0.081744633615017
sort_2;5000;2.915064553730190;0.091697685420513;0.654751331545413;2.088488106615841;0.080112881958485
sort_2;5000;2.925234881229699;0.090044789016247;0.659623278304935;2.095834651961923;0.079708061181009
sort_2;5000;2.911336391232908;0.089840332977474;0.659674797207117;2.081943540833890;0.079849973320961
sort_2;5000;2.922461242415011;0.090059082023799;0.653376199305058;2.097323614172637;0.081678477115929
sort_2;5000;2.916706993244588;0.092674855142832;0.675747985020280;2.067823481746018;0.080434390343726
sort_2;5000;2.919335121288896;0.090836404822767;0.647624626755714;2.100241200998425;0.080614435486495
sort_2;5000;3.155961066484451;0.090739742852747;0.903479629196227;2.081555952318013;0.080166378058493
sort_2;5000;2.924822384491563;0.090209485962987;0.663751753047109;2.090033374726772;0.080807807855308
sort_2;5000;2.912161646410823;0.090704387985170;0.651265237480402;2.089721867814660;0.080448175780475
sort_2;5000;2.936647825874388;0.090329699218273;0.670189945027232;2.095018469728529;0.081086797639728
sort_2;5000;2.920581019483507;0.090670215897262;0.660852509550750;2.088433401659131;0.080605639144778
sort_2;5000;2.898214650340378;0.090744135901332;0.649782497435808;2.076946401968598;0.080714785493910
sort_2;5000;2.919827149249613;0.091530122794211;0.651778426952660;2.096975092776120;0.079524158500135
sort_2;5000;2.896487812511623;0.089774427935481;0.651725608855486;2.075143009424210;0.079828866757452
sort_2;5000;2.909500928595662;0.090239785611629;0.645107166841626;2.092428118921816;0.081698512658477
sort_2;5000;2.935387518256903;0.091388178057969;0.662796285934746;2.099954912438989;0.081234485842288
sort_2;5000;2.937998603098094;0.090987704694271;0.667602735571563;2.098092735745013;0.081301528960466
sort_2;5000;2.944936271756887;0.091626333072782;0.661414644680917;2.110615395940840;0.081265439279377
sort_2;10000;2.998578471131623;0.089558327570558;0.849720566533506;1.892614561133087;0.166668949648738
sort_2;10000;2.947697667405009;0.088569488376379;0.793218461796641;1.898615593090653;0.167275384068489
sort_2;10000;3.156003793701530;0.089991036802530;1.022646463476121;1.876827349886298;0.166521086357534
sort_2;10000;2.890830206684768;0.088561898097396;0.756301550194621;1.879225830547512;0.166723469272256
sort_2;10000;2.895375482738018;0.089628939516842;0.757058554328978;1.882091686129570;0.166575303301215
sort_2;10000;2.927713033743203;0.088636095635593;0.766645402647555;1.905755639076233;0.166659098118544
sort_2;10000;3.043083204887807;0.088720499537885;0.893387529067695;1.893357165157795;0.167600151151419
sort_2;10000;2.989029108546674;0.089605199173093;0.845274679362774;1.887502195313573;0.166629667393863
sort_2;10000;2.892330959439278;0.088504957966506;0.761643514968455;1.875627765432000;0.166539468802512
sort_2;10000;2.913508859463036;0.088498841971159;0.765883523039520;1.892483301460743;0.166626974008977
sort_2;10000;2.913827519863844;0.088460979051888;0.772644029930234;1.885875973850489;0.166830228641629
sort_2;10000;2.940851892344654;0.088605850003660;0.792494423687458;1.893056355416775;0.166680364869535
sort_2;10000;2.926621532067657;0.088716215454042;0.786229841411114;1.884876579977572;0.166781358420849
sort_2;10000;2.945798165164888;0.088696785271168;0.810783098451793;1.879503519274294;0.166798773221672
sort_2;10000;2.904858774505556;0.088513296097517;0.775435641407967;1.874306679703295;0.166587750427425
sort_2;10000;2.902546975761652;0.088575528003275;0.768772292882204;1.878606628626585;0.166576416231692
sort_2;10000;2.894185733981431;0.088468488305807;0.763086542487144;1.875783756375313;0.166830701753497
sort_2;10000;2.958483223803341;0.089020291343331;0.814184859395027;1.888594901189208;0.166667303070426
sort_2;10000;2.956566208042204;0.088582335039973;0.812507348135114;1.888798021711409;0.166663494892418
sort_2;10000;2.911337723955512;0.088976631872356;0.778752882033587;1.876179964281619;0.167411110363901
sort_2;7000;2.921899780631065;0.090318822301924;0.710891420021653;2.010529938153923;0.110139768570662
sort_2;7000;2.946678074076772;0.091003607027233;0.724721428006887;2.020381947979331;0.110556904226542
sort_2;7000;2.962400877848268;0.091353236697614;0.727564100176096;2.034998909570277;0.108469264581800
sort_2;7000;2.944922835566103;0.090038531459868;0.735007638111711;2.011601482518017;0.108254494145513
sort_2;7000;2.900553161278367;0.089829568751156;0.714486718177795;1.988089475780725;0.108126689679921
sort_2;7000;2.933594176545739;0.089927842840552;0.708136027678847;2.024049421772361;0.111457885242999
sort_2;7000;2.951311484910548;0.094273254275322;0.724705637432635;2.023509325459599;0.108803341165185
sort_2;7000;2.911118520423770;0.090471145696938;0.714197066612542;1.997307856567204;0.109123500995338
sort_2;7000;3.193030339665711;0.090589422732592;0.980829954147339;2.012937719933689;0.108655396848917
sort_2;7000;2.921886296011508;0.090827679261565;0.716372217983007;2.005800256505609;0.108869046904147
sort_2;7000;2.911497302353382;0.090783799998462;0.714729028753936;1.997163394466043;0.108800495974720
sort_2;7000;2.926461089402437;0.090830847620964;0.717255645431578;2.009623759426177;0.108729735948145
sort_2;7000;2.940461292862892;0.090520218946040;0.714671810157597;2.026146922260523;0.109106021001935
sort_2;7000;2.928053356707096;0.090921764262021;0.718609083443880;2.008947744034231;0.109551535919309
sort_2;7000;2.925308196805418;0.090396529994905;0.721489563584328;2.005393903702497;0.108008829876781
sort_2;7000;2.912709760479629;0.090160372667015;0.712767244316638;2.001431203447282;0.108326203189790
sort_2;7000;2.982239886187017;0.089855162426829;0.723328112624586;2.058759328909218;0.110275929793715
sort_2;7000;2.959442492574453;0.091036613099277;0.730639430694282;2.027520887553692;0.110231855884194
sort_2;7000;2.976490226574242;0.092782413586974;0.730693896301091;2.042742545716465;0.110256873071194
sort_2;7000;2.972887192852795;0.093175033107400;0.731464803218842;2.039772519841790;0.108460048213601
sort_2;6000;2.901396713219583;0.090162782929838;0.664252960123122;2.053128085099161;0.093829167075455
sort_2;6000;2.944104293361306;0.090449242852628;0.687038373202085;2.071921091526747;0.094681892544031
sort_2;6000;2.930501219816506;0.091552511788905;0.685437356121838;2.060722355730832;0.092773984186351
sort_2;6000;2.916826887056231;0.090110343880951;0.691900300793350;2.042044213972986;0.092750641517341
sort_2;6000;2.900069135241210;0.089935394003987;0.683867268264294;2.033145368099213;0.093098689801991
sort_2;6000;2.938394964672625;0.090027894824743;0.671404520981014;2.082170234061778;0.094769174233079
sort_2;6000;2.914070662111044;0.090017008595169;0.687222667038441;2.043092991225421;0.093715065158904
sort_2;6000;2.911479070782661;0.090874285437167;0.683418267406523;2.043476680293679;0.093691131100059
sort_2;6000;3.146868870593607;0.169807766564190;0.829173861071467;2.054414479061961;0.093453234992921
sort_2;6000;2.942030025646091;0.090012531727552;0.676961277611554;2.081325692124665;0.093708475120366
sort_2;6000;2.912195740267634;0.090760008431971;0.682515029795468;2.045217282138765;0.093684508465230
sort_2;6000;2.951923300512135;0.090621343813837;0.688865880481899;2.078912864439189;0.093505580909550
sort_2;6000;2.907735321670771;0.090491754934192;0.685240495949984;2.038418327458203;0.093565881252289
sort_2;6000;2.926142545416951;0.090770788490772;0.683668207377195;2.058374362066388;0.093308763578534
sort_2;6000;2.924156663939357;0.090764256194234;0.682656547054648;2.057738185860217;0.092974370345473
sort_2;6000;2.932666529901326;0.090207069180906;0.694124566391110;2.055231331847608;0.093080152757466
sort_2;6000;2.934986931271851;0.090176402591169;0.673365706577897;2.077068591490388;0.094351645559072
sort_2;6000;2.940652105957270;0.090862710028887;0.684797150082886;2.070177462883294;0.094800275750458
sort_2;6000;2.969406879507005;0.091269002296031;0.688667023554444;2.094740747474134;0.094715533778071
sort_2;6000;2.945921866223216;0.091170851141214;0.704302707687020;2.058029070496559;0.092404332011938
sort_2;8000;2.868305065669119;0.089851867407560;0.715397245250642;1.938711035996675;0.124326630495489
sort_2;8000;2.870679652318358;0.088994849473238;0.703258013352752;1.942970670759678;0.135440208017826
sort_2;8000;3.501943563111126;0.096159396693110;1.313984614796937;1.964409644715488;0.127368487417698
sort_2;8000;2.942459876649082;0.091019853018224;0.740763977169991;1.968376309610903;0.142281662672758
sort_2;8000;2.950842952355742;0.090961999259889;0.750332886353135;1.982592321932316;0.126939636655152
sort_2;8000;2.979081007651985;0.091143488883972;0.755587667226791;2.003806781955063;0.128524615429342
sort_2;8000;3.143993025645614;0.092873462475836;0.919606141746044;2.002696397714317;0.128798386082053
sort_2;8000;2.983992140740156;0.091725330799818;0.751414337195456;2.013210396282375;0.127624141983688
sort_2;8000;2.947148950770497;0.090477425605059;0.736070089973509;1.993732165545225;0.126851127482951
sort_2;8000;2.951745694503188;0.090263691730797;0.739266806282103;1.994767092168331;0.127428731881082
sort_2;8000;2.933618264272809;0.090748903341591;0.740516739897430;1.973987190052867;0.128347742371261
sort_2;8000;2.988316740840673;0.091649017296731;0.759450259618461;2.008676035329700;0.128524140454829
sort_2;8000;2.993625231087208;0.090733585879207;0.764308609999716;2.010905567556620;0.127659746445715
sort_2;8000;2.915701068006456;0.090978692285717;0.742776655592024;1.955110834911466;0.126816492527723
sort_2;8000;2.909464200027287;0.091182243078947;0.726845513097942;1.964581247419119;0.126837624236941
sort_2;8000;2.927310059778392;0.090395642444491;0.746807388029993;1.962814623489976;0.127274646423757
sort_2;8000;2.921973822638392;0.089817544445395;0.726574749685824;1.977659257128835;0.127904402092099
sort_2;8000;2.988368887454271;0.092438193969429;0.762797504663467;2.004555880092084;0.128558441065252
sort_2;8000;2.968838876113296;0.091844776645303;0.756798130460083;1.992244971916080;0.127934820950031
sort_2;8000;2.917339951731265;0.090434016659856;0.739726981148124;1.961308524012566;0.125851577147841
sort_4;1000;3.134946287609637;0.093177021481097;0.427581382915378;2.560740835033357;0.053436059504747
sort_4;1000;3.133186299353838;0.092150536365807;0.426603180356324;2.561371297575533;0.053051820024848
sort_4;1000;3.145519491285086;0.092326427809894;0.424062954261899;2.576018572784960;0.053100873716176
sort_4;1000;3.108903612010181;0.092726835981011;0.419781418517232;2.543427670374513;0.052957611158490
sort_4;1000;3.105124738998711;0.092817412689328;0.416421450674534;2.542500658892095;0.053375860676169
sort_4;1000;3.120612493716180;0.093288612551987;0.424327417276800;2.549589906819165;0.053396655246615
sort_4;1000;3.132636358030140;0.093344747088850;0.424820201471448;2.561289152130485;0.053172299638391
sort_4;1000;3.120065371505916;0.092984484508634;0.420444905757904;2.553315324708819;0.053311663679779
sort_4;1000;3.119645323604345;0.093049035407603;0.418205500580370;2.555005476810038;0.053375552408397
sort_4;1000;3.123880502767861;0.093505525030196;0.415643968619406;2.561272227205336;0.053448274731636
sort_4;1000;3.108201836235821;0.093574398197234;0.421181146986783;2.540083514526486;0.053352481685579
sort_4;1000;3.097317464649677;0.093212147243321;0.413932147435844;2.536988613195717;0.053172392770648
sort_4;1000;3.148768030107021;0.092728446237743;0.425059991888702;2.577368784695864;0.053600374609232
sort_4;1000;3.140202501788735;0.093604533001781;0.435955515131354;2.557328986935318;0.053302583284676
sort_4;1000;3.160606078803539;0.093052033334970;0.441066031344235;2.573319418355823;0.053158714435995
sort_4;1000;3.125255348160863;0.092629668302834;0.435111173428595;2.544510038569570;0.052994819357991
sort_4;1000;3.124839288182557;0.091125739738345;0.429610924795270;2.551821641623974;0.052269984968007
sort_4;1000;3.080456863157451;0.090864286758006;0.424639224074781;2.512574482709169;0.052367975004017
sort_4;1000;3.076190135441720;0.091374182142317;0.428183862008154;2.504831683821976;0.051789809018373
sort_4;1000;3.074419779703021;0.090177574194968;0.418999047018588;2.513973578810692;0.051259548403323
sort_2;1000;3.200330898165703;0.090444066561759;0.572565617971122;2.485426311381161;0.051853337325156
sort_2;1000;3.214026415720582;0.090707793831825;0.562379449605942;2.508716634474695;0.052197614684701
sort_2;1000;3.188777601346374;0.090976962819695;0.560955435968935;2.485332352109253;0.051475575193763
sort_2;1000;3.167175587266684;0.090249338187277;0.572561646811664;2.453172190114856;0.051143758930266
sort_2;1000;3.157612689770758;0.089669778943062;0.567172694019973;2.448360442183912;0.052373794838786
sort_2;1000;3.185793888755143;0.091589978896081;0.567614314146340;2.474752809852362;0.051801444962621
sort_2;1000;3.172903191298246;0.090652557089925;0.570297563448548;2.459990557283163;0.051923686638474
sort_2;1000;3.205144193954766;0.090377766638994;0.564082776196301;2.499289375729859;0.051356381736696
sort_2;1000;3.194465476088226;0.090442326851189;0.563947094604373;2.488451943732798;0.051589939743280
sort_2;1000;3.219888891093433;0.090921713970602;0.571007806807756;2.506063073873520;0.051853519864380
sort_2;1000;3.185040445066988;0.090243340469897;0.566830673255026;2.476401789113879;0.051531500183046
sort_2;1000;3.200582331046462;0.090622032061219;0.569625560194254;2.488704086281359;0.051571371033788
sort_2;1000;3.188843966461718;0.090715193189681;0.568379393778741;2.477773156948388;0.051917561329901
sort_2;1000;3.185500601306558;0.090541272424161;0.561882836744189;2.481636974029243;0.051394675858319
sort_2;1000;3.181317825801671;0.090173058211803;0.560241449624300;2.479544437490404;0.051311101764441
sort_2;1000;3.196519785560668;0.090171128511429;0.557399757206440;2.496820594184101;0.052085839211941
sort_2;1000;3.225638509728014;0.090760670602322;0.557253013364971;2.525358653627336;0.052240257151425
sort_2;1000;3.205886305309832;0.091190779581666;0.558964992873371;2.503430278971791;0.052268406376243
sort_2;1000;3.173530172556639;0.091210739687085;0.558553512208164;2.472800739109516;0.050933646969497
sort_2;1000;3.160453640855849;0.088861887343228;0.545598791912198;2.474622074514627;0.051329756155610
sort_4;20000;3.215523601509631;0.089039770886302;0.894402546808124;1.718151969835162;0.513917642645538
sort_4;20000;3.180323269218206;0.088552066124976;0.865829220972955;1.712056489661336;0.513874426484108
sort_4;20000;3.190347107127309;0.088556406088173;0.865177582949400;1.722769568674266;0.513831778429449
sort_4;20000;3.170918979682028;0.088756782934070;0.857458947226405;1.710611285641789;0.514079445973039
sort_4;20000;3.190465852618217;0.088569438084960;0.865212698467076;1.722801069729030;0.513872773386538
sort_4;20000;3.198913824744523;0.088564277626574;0.873161684721708;1.723255100660026;0.513921355828643
sort_4;20000;3.183984081260860;0.088560911826789;0.862658903934062;1.718816148117185;0.513936230912805
sort_4;20000;3.213525373488665;0.088759840466082;0.873786790296435;1.737058122642338;0.513908988796175
sort_4;20000;3.193421734496951;0.088725879788399;0.862280172295868;1.726087909191847;0.516314798966050
sort_4;20000;3.204329499043524;0.088754912838340;0.879204692319036;1.722647003829479;0.513711349107325
sort_4;20000;3.183069471269846;0.088503481820226;0.866235747002065;1.714478902518749;0.513840385712683
sort_4;20000;3.187150891870260;0.088494057767093;0.864337977021933;1.720422391779721;0.513885693624616
sort_4;20000;3.187021465040743;0.088398428633809;0.866612989455462;1.718003194779158;0.513994882814586
sort_4;20000;3.184293683618307;0.088711598888040;0.868982600979507;1.712718986906111;0.513868407346308
sort_4;20000;3.199559072032571;0.088639457710087;0.875751754269004;1.721335808746517;0.513822063803673
sort_4;20000;3.192126443609595;0.088626408018172;0.859459533356130;1.730008730664849;0.514019347727299
sort_4;20000;3.186802161857486;0.088581786490977;0.866341860033572;1.718201708979905;0.513665731996298
sort_4;20000;3.191575732082129;0.088637761771679;0.864556364715099;1.722110202535987;0.516261117532849
sort_4;20000;3.193038583733141;0.088798456825316;0.876216690987349;1.714154939167202;0.513857203535736
sort_4;20000;3.185348888859153;0.088530571199954;0.869794814847410;1.713312401436269;0.513699796050787
sort_2;20000;3.657102576456964;0.089962591417134;1.335754743777215;1.717746131122112;0.513624473474920
sort_2;20000;3.574084088206291;0.088789923116565;1.246166428551078;1.724843301810324;0.514268715865910
sort_2;20000;3.220499878749251;0.088506412692368;0.887478024698794;1.730734774842858;0.513763876631856
sort_2;20000;3.188405354507267;0.088283000513911;0.868477386422455;1.717767851427197;0.513862287625670
sort_2;20000;3.228763164952397;0.088520098477602;0.900259998627007;1.725303956307471;0.514662974514067
sort_2;20000;3.427890718914568;0.088871741667390;1.105738401412964;1.719047317281365;0.514216447249055
sort_2;20000;3.503140770830214;0.088681405410171;1.170830769464374;1.729881045408547;0.513730635866523
sort_2;20000;3.212601250968874;0.088522383943200;0.893028885126114;1.717175828292966;0.513858037069440
sort_2;20000;3.220458590425551;0.088576136156917;0.886197703890502;1.731878429651260;0.513777448795736
sort_2;20000;3.259324293583632;0.088743692263961;0.938146272674203;1.718197530135512;0.514220292679965
sort_2;20000;3.472819241695106;0.088684725575149;1.151801624335349;1.718392522074282;0.513923609629273
sort_2;20000;3.553754536435008;0.088637455366552;1.211175185628235;1.740195877850056;0.513730744831264
sort_2;20000;3.208126348443329;0.088396039791405;0.886680419556797;1.719413378275931;0.513622259721160
sort_2;20000;3.229559388943017;0.088475088588893;0.916487622074783;1.711051898077130;0.513528240844607
sort_2;20000;3.225085526704788;0.088518427684903;0.899861446581781;1.721954371780157;0.514734414406121
sort_2;20000;3.435478119179606;0.088671091012657;1.097926393151283;1.734224054031074;0.514639580622315
sort_2;20000;3.575687185861170;0.089459720999002;1.246087376959622;1.726499179378152;0.513624287210405
sort_2;20000;3.204527597874403;0.088478436693549;0.880973457358778;1.721467306837440;0.513590658083558
sort_2;20000;3.212497252970934;0.088523605838418;0.891711194999516;1.718775583431125;0.513471717946231
sort_2;20000;3.250882142223418;0.088384100235999;0.917897909879684;1.730014760047197;0.514570672996342
sort_4;100;3.565795005299151;0.092978835105896;0.277943599969149;3.143370685167611;0.051491659134626
sort_4;100;3.576198845170438;0.091709288768470;0.281919139437377;3.150588433258235;0.051968393847346
sort_4;100;3.577523950487375;0.093562238849699;0.282959766685963;3.148961703293025;0.052027332596481
sort_4;100;3.561036529950798;0.093327837996185;0.280567092821002;3.135082458145916;0.052046203054488
sort_4;100;3.567920808680356;0.093272591941059;0.282934742048383;3.139516594819725;0.052186056971550
sort_4;100;3.581523230299354;0.092732745222747;0.279786820523441;3.157433554530144;0.051557675004005
sort_4;100;3.560807215049863;0.093033244833350;0.280648553743958;3.135108302347362;0.052005718462169
sort_4;100;3.593777761794627;0.093657562509179;0.281900981441140;3.166168903000653;0.052038573659956
sort_4;100;3.575279976241291;0.093046841211617;0.283144642598927;3.147092795930803;0.051982589997351
sort_4;100;3.621336014941335;0.093096811324358;0.282252970151603;3.194476413540542;0.051489289849997
sort_4;100;3.550192536786199;0.091983861289918;0.280364837497473;3.125873788259923;0.051957730203867
sort_4;100;3.592088496312499;0.093119061551988;0.284946686588228;3.161921877413988;0.052086381241679
sort_4;100;3.566757113672793;0.093507979996502;0.286278633400798;3.135224111378193;0.051734358072281
sort_4;100;3.554506441578269;0.092324588447809;0.282049914821982;3.127841799519956;0.052278634160757
sort_4;100;3.523070354014635;0.092945062555373;0.278461037203670;3.100894169881940;0.050758468918502
sort_4;100;3.539566061459482;0.090301800519228;0.277235427871346;3.120714279823005;0.051301806233823
sort_4;100;3.498010803945363;0.092017921619117;0.280946458689868;3.074544540606439;0.050489941611886
sort_4;100;3.452013207599521;0.090482810512185;0.277676844969392;3.034414073452353;0.049427303485572
sort_4;100;3.431551149114966;0.088784350082278;0.268894241191447;3.024104496464133;0.049756324850023
sort_4;100;3.428789515979588;0.088864087127149;0.271145134232938;3.018954202532768;0.049815196543932
sort_2;100;3.703599758446217;0.089971063658595;0.523925385437906;3.039217666722834;0.050463089719415
sort_2;100;3.756661250256002;0.090613424777985;0.489951954223216;3.124803145416081;0.051274813711643
sort_2;100;3.674764331430197;0.091409830376506;0.501175583340228;3.032316822558641;0.049846345558763
sort_2;100;3.726352236233652;0.089587788097560;0.532643970102072;3.054231405258179;0.049860982224345
sort_2;100;3.732105714268982;0.089754021726549;0.519509864039719;3.072888238355517;0.049931443296373
sort_2;100;3.693901110440493;0.090019950643182;0.516776706092060;3.036710304208100;0.050372216850519
sort_2;100;3.742638597264886;0.090913681313396;0.515576321631670;3.086099982261658;0.050027622841299
sort_2;100;3.701965789310634;0.090442903339863;0.502574221231043;3.058185485191643;0.050739526748657
sort_2;100;3.691708421334624;0.090710498392582;0.516457272693515;3.034281063824892;0.050237791612744
sort_2;100;3.729525082744658;0.090756665915251;0.513160251080990;3.075048043392599;0.050543979741633
sort_2;100;3.692481771111488;0.090739678591490;0.516028522513807;3.035361711867154;0.050325588323176
sort_2;100;3.695174532942474;0.090388791635633;0.526420535519719;3.028487906791270;0.049858567304909
sort_2;100;3.692803432233632;0.089869934134185;0.524075524881482;3.028511708602309;0.050322649069130
sort_2;100;3.730588879436255;0.089860419742763;0.506930511444807;3.082798022776842;0.050978761166334
sort_2;100;3.694289288483560;0.091043064370751;0.487702076323330;3.064210404641926;0.051319073885679
sort_2;100;3.708512401208282;0.091280415654182;0.491909536533058;3.074677195400000;0.050629382021725
sort_2;100;3.636078249663115;0.091248043812811;0.483096441254020;3.011596248485148;0.050121038220823
sort_2;100;3.678573617711663;0.089468373917043;0.523824231699109;3.015397018752992;0.049862203188241
sort_2;100;3.685289285145700;0.089474980719388;0.522142401896417;3.023884726688266;0.049765150062740
sort_2;100;3.773804626427591;0.089435898698866;0.525518173351884;3.007698266766965;0.151120729744434
sort_4;35000;4.205163151957095;0.088965389877558;1.050519462674856;1.596841533668339;1.468825175426900
sort_4;35000;4.094311790540814;0.088509160093963;0.932767236605287;1.604420510120690;1.468604565598071
sort_4;35000;4.097419067285955;0.088641379028559;0.937035632319748;1.602876722812653;1.468853528611362
sort_4;35000;4.127212642692029;0.088762259110808;0.975904031656682;1.593753270804882;1.468781922943890
sort_4;35000;4.127336428500712;0.088727697730064;0.972786857746542;1.597083915956318;1.468725865706801
sort_4;35000;4.102461658418179;0.088600968942046;0.947200534865260;1.596307495608926;1.470340768806636
sort_4;35000;4.112786743789911;0.088699550367892;0.966426531784236;1.587005845271051;1.470641775988042
sort_4;35000;4.155589442700148;0.088702281005681;1.007805646397173;1.590605151839554;1.468464081175625
sort_4;35000;4.107347052544355;0.088460555300117;0.958214515820146;1.592735982500017;1.467926315031946
sort_4;35000;4.106139527633786;0.088550880551338;0.948561348021030;1.600483734160662;1.468532510101795
sort_4;35000;4.142668885178864;0.088620727881789;0.995634586550295;1.588777503930032;1.469625060446560
sort_4;35000;4.127857546322048;0.088765547610819;0.974216178059578;1.596252405084670;1.468612296506763
sort_4;35000;4.099531096406281;0.088722261600196;0.954170037060976;1.586586064659059;1.470042051747441
sort_4;35000;4.140431985259056;0.088573741726577;0.980748564004898;1.599165795370936;1.471933477558196
sort_4;35000;4.128128197975457;0.088617534376681;0.980783659964800;1.590689317323267;1.468026287853718
sort_4;35000;4.130075604654849;0.088600574992597;0.970292837359011;1.603107547387481;1.468064211308956
sort_4;35000;4.120863931253552;0.088526697829366;0.948845193721354;1.615361680276692;1.468119924888015
sort_4;35000;4.097795944660902;0.089092770591378;0.952483148314059;1.587827936746180;1.468379873782396
sort_4;35000;4.074765623547137;0.088421777822077;0.928738792426884;1.589196244254708;1.468396218493581
sort_4;35000;4.131195286288857;0.088447690010071;0.985101898200810;1.588194272480905;1.469439003616571
sort_2;35000;4.953992359340191;0.089723023585975;1.793900104239583;1.599398196674883;1.470957232639194
sort_2;35000;4.641241204924881;0.088777337223291;1.480136709287763;1.603528782725334;1.468781962990761
sort_2;35000;4.091014761477709;0.088560411706567;0.937431072816253;1.596925782971084;1.468079014681280
sort_2;35000;4.158453233540058;0.088641682639718;0.999225758016109;1.597747436724603;1.472820269875228
sort_2;35000;4.574085633270442;0.088997430168092;1.417000865563750;1.598168119788170;1.469900061376393
sort_2;35000;4.423754237592220;0.088833162561059;1.252785256132483;1.612318099476397;1.469801220111549
sort_2;35000;4.161140905693173;0.088616813533008;1.004499879665673;1.599860459566116;1.468146065250039
sort_2;35000;4.213840337470174;0.088717936538160;1.060993765480816;1.594756564125419;1.469354952685535
sort_2;35000;4.419785148464143;0.088683303445578;1.248854354955256;1.613093981519341;1.469135865569115
sort_2;35000;4.206218214705586;0.088680135086179;1.058811769820750;1.590572451241314;1.468135889619589
sort_2;35000;4.213995045050979;0.088673683814704;1.061399772763252;1.595157884992659;1.468748367391527
sort_2;35000;4.076319964602590;0.088632471859455;0.913394991308451;1.605674190446734;1.468603138811886
sort_2;35000;4.306698928587139;0.088737634010613;1.145622215233743;1.601557426154613;1.470764440484345
sort_2;35000;4.113481201231480;0.088850215077400;0.962995499372482;1.592045292258263;1.469573878683150
sort_2;35000;4.134307432919741;0.088753351010382;0.973743419162929;1.604227051138878;1.467567649669945
sort_2;35000;4.249669441953301;0.088725667446852;1.078152187168598;1.613953551277518;1.468822341412306
sort_2;35000;4.208971555344760;0.088603202253580;1.054641013965011;1.596340490505099;1.469369753263891
sort_2;35000;4.174993976019323;0.088468966074288;1.010232670232654;1.608136125840247;1.468140847049654
sort_2;35000;4.138198194094002;0.088402649387717;0.969450823962688;1.612511234357953;1.467816672287881
sort_2;35000;4.253063361160457;0.088397209532559;1.100545493885875;1.593531978316605;1.470572093501687
sort_4;1;4.543040565215051;0.089769406244159;0.206825521774590;4.196855175308883;0.049576453864574
sort_4;1;4.563378564082086;0.089075579307973;0.205439176410437;4.219320569187403;0.049529506824911
sort_4;1;4.610956091433764;0.088612465187907;0.203479048795998;4.269382402300835;0.049468274228275
sort_4;1;4.566210430115461;0.088692652992904;0.204345162957907;4.223572533577681;0.049586487933993
sort_4;1;4.556463489308953;0.088874528184533;0.205681299790740;4.212425417266786;0.049466369673610
sort_4;1;4.586898189969361;0.088863391429186;0.205822401680052;4.242770058102906;0.049426785670221
sort_4;1;4.527898599393666;0.088636223226786;0.204705621115863;4.185007286258042;0.049536040052772
sort_4;1;4.542068303562701;0.088650448247790;0.204617361538112;4.199311282485723;0.049473339691758
sort_4;1;4.569951446726918;0.088783551007509;0.204775409772992;4.226897265762091;0.049479347653687
sort_4;1;4.545058926567435;0.088665588758886;0.204709757119417;4.202136145904660;0.049530126154423
sort_4;1;4.591922783292830;0.088588431477547;0.204291584901512;4.249635470099747;0.049392384476960
sort_4;1;4.564275937154889;0.088712301105261;0.204813092015684;4.220753960311413;0.049982602708042
sort_4;1;4.540583718568087;0.089621271938086;0.207668459974229;4.193875592201948;0.049404629506171
sort_4;1;4.561313513666391;0.088518003933132;0.203964499756694;4.219435861334205;0.049381420016289
sort_4;1;4.558992020785809;0.088479295372963;0.203524043783545;4.216683911159635;0.050291297957301
sort_4;1;4.572426214814186;0.088719815015793;0.205806053243577;4.228363668546081;0.049520812928677
sort_4;1;4.533398407511413;0.088808137923479;0.205432104878128;4.189776740968227;0.049367516301572
sort_4;1;4.521633770316839;0.088542228564620;0.202766340225935;4.180919645354152;0.049391470849514
sort_4;1;4.559131076559424;0.088556978851557;0.203458765521646;4.217738624662161;0.049360589124262
sort_4;1;4.548731258139014;0.088786728680134;0.205226539634168;4.205119100399315;0.049583095125854
sort_2;1;4.897264664992690;0.090226716361940;0.447812364436686;4.307952551171184;0.051255753263831
sort_2;1;4.933928123675287;0.091345765627921;0.447491612285376;4.344906581565738;0.050169019959867
sort_2;1;4.873913866467774;0.089858413673937;0.448797783814371;4.285323633812368;0.049909248948097
sort_2;1;4.855491488240659;0.089951634407043;0.441266807727516;4.273822387680411;0.050429500639439
sort_2;1;5.138015352189541;0.090950498357415;0.443255930207670;4.550724585540593;0.053064938634634
sort_2;1;4.910170088522136;0.091123258695006;0.441678087227046;4.326913766562939;0.050437435507774
sort_2;1;4.899219670332968;0.090973070822656;0.443682859651744;4.313956536352634;0.050584332086146
sort_2;1;4.879883373156190;0.090690353885293;0.442891728132963;4.295806350186467;0.050473419018090
sort_2;1;4.944338717497885;0.090569806285203;0.442497890442610;4.360905452631414;0.050346884876490
sort_2;1;4.892691660672426;0.090566331520677;0.439810826443136;4.312569269910455;0.049721243791282
sort_2;1;5.031468910165131;0.088566769845784;0.559986563399434;4.331752075813711;0.051150012761354
sort_2;1;4.937172491103411;0.091307028196752;0.445960240438581;4.348685280419886;0.051205760799348
sort_2;1;4.836357736028731;0.091528610326350;0.445122552104294;4.249885435216129;0.049806823022664
sort_2;1;4.861641175113618;0.089642265811563;0.439661917276680;4.282607303000987;0.049710955470800
sort_2;1;4.869216161780059;0.089349416084588;0.438806794583797;4.291178318671882;0.049862496554852
sort_2;1;4.927738680504262;0.089531676843762;0.439256335608661;4.349702334031463;0.049226921983063
sort_2;1;4.811446187086403;0.088330732658505;0.434219767339528;4.239639217965305;0.049240923486650
sort_2;1;4.765721633099020;0.088466340675950;0.433696482330561;4.194249586202204;0.049293460324407
sort_2;1;4.800037518143654;0.088341155089438;0.433566392399371;4.228784658946097;0.049330580048263
sort_2;1;4.770054533146322;0.088419871404767;0.433425739407539;4.198867290280759;0.049327040091157
sort_4;50000;5.825700702145696;0.088933787308633;1.276015119627118;1.515628759749234;2.945112589746714
sort_4;50000;5.662065104581416;0.088599894195795;1.111224007792771;1.515967397019267;2.946261672303081
sort_4;50000;5.646895417943597;0.088502872735262;1.106908168643713;1.506136518903077;2.945336484350264
sort_4;50000;5.591871447861195;0.088606271892786;1.052284569479525;1.505065072327852;2.945904184132814
sort_4;50000;5.675681970082223;0.088831452652812;1.131052037701011;1.510801695287228;2.944978889077902
sort_4;50000;5.783752695657313;0.088570533320308;1.233045367524028;1.516422122716904;2.945703137665987
sort_4;50000;5.569152678363025;0.088559711351991;1.033534771762788;1.502436790615320;2.944609224796295
sort_4;50000;5.624495157971978;0.088632621802390;1.083574605174363;1.507726268842816;2.944549334235489
sort_4;50000;5.696159753017128;0.088643237017095;1.156121786683798;1.505502463318408;2.945880466140807
sort_4;50000;5.677896409295499;0.088678169995546;1.131049205549061;1.511363992467523;2.946792443282902
sort_4;50000;5.654742619954050;0.088583276607096;1.109724095091224;1.510878001339734;2.945546146482229
sort_4;50000;5.649355525150895;0.088566689752042;1.114933981560171;1.501944916322827;2.943897160701454
sort_4;50000;5.624179487116635;0.088561527431011;1.089893857948482;1.502908803522587;2.942804278805852
sort_4;50000;5.616824555210769;0.088515516370535;1.084776538424194;1.500638002529740;2.942882041446865
sort_4;50000;5.661714420653880;0.088626984506845;1.124410172924399;1.503283406607807;2.945381749421358
sort_4;50000;5.628554701805115;0.088332662358880;1.093284595757723;1.502806222997606;2.944120404310524
sort_4;50000;5.559937874786556;0.088440527208149;1.025186518207192;1.502927007153630;2.943371725268662
sort_4;50000;5.620488875545561;0.088369867764413;1.088687724433839;1.500845271162689;2.942574049346149
sort_4;50000;5.631265467964113;0.088348165154457;1.099537156522274;1.500509653240442;2.942854763939977
sort_4;50000;5.560581556521356;0.088322740979493;1.019359012134373;1.508508457802236;2.944379738532007
sort_2;50000;6.687814659439027;0.089572306722403;2.135077061131597;1.514384923502803;2.948761228471994
sort_2;50000;5.855734922923148;0.088741055689752;1.310773119330406;1.505825093947351;2.950378095731139
sort_2;50000;5.707359950058162;0.088519473560154;1.149809111841023;1.520971903577447;2.948042792268097
sort_2;50000;6.060800613835454;0.089245935901999;1.514732321724296;1.509524906054139;2.947281081229448
sort_2;50000;5.681618619710207;0.088545180857182;1.132957740686834;1.513276290148497;2.946822991594672
sort_2;50000;5.817620728164911;0.088528495281935;1.274662099778652;1.505585401318967;2.948826884850860
sort_2;50000;5.904394341632724;0.088772924616933;1.355761154554784;1.512584822252393;2.947257900610566
sort_2;50000;5.645110036246479;0.088703296147287;1.107991239055991;1.503141343593597;2.945256243459880
sort_2;50000;5.682865839451551;0.088592885993421;1.143958266824484;1.501421239227057;2.948877804912627
sort_2;50000;6.175945349037647;0.088535866700113;1.607747142203152;1.530424579046667;2.949222417548299
sort_2;50000;5.768942099995911;0.088702140375972;1.226851337589324;1.510682572610676;2.942688771523535
sort_2;50000;5.874561687931418;0.088597357273102;1.323259365744889;1.514715466648340;2.947973130270839
sort_2;50000;6.579685910604894;0.089023958891630;2.031296772882342;1.513772694393992;2.945575233548880
sort_2;50000;5.693525566719472;0.088429905474186;1.154053662903607;1.505316985771060;2.945708437822759
sort_2;50000;6.603336240164936;0.088859884999692;2.044651518575847;1.516532780602574;2.953274794854224
sort_2;50000;5.945477271452546;0.088571161031723;1.394092623144388;1.518927000463009;2.943869109265506
sort_2;50000;5.565452751703560;0.088137657381594;1.015353022143245;1.511712641455233;2.950231856666505
sort_2;50000;6.351794903166592;0.088504869490862;1.788003874942660;1.526598488911986;2.948672229424119
sort_2;50000;5.576897598803043;0.088384138420224;1.039906601421535;1.505455709062517;2.943135091103613
sort_2;50000;5.531802084296942;0.088290009647608;0.989884628914297;1.502127456478775;2.951482411473989
sort_4;100000;14.833143983036280;0.088763193227351;1.789981166832149;1.335430926643312;11.618961284868419
sort_4;100000;14.655253470875323;0.088510063476861;1.596401222981513;1.335268547758460;11.635062929242849
sort_4;100000;14.939700230956078;0.088721328414977;1.886634831316769;1.333101968280971;11.631232992745936
sort_4;100000;14.750447417609394;0.088456952944398;1.685716014355421;1.335387673228979;11.640876580029726
sort_4;100000;14.927518663927913;0.088637005537748;1.873495180159807;1.333700297400355;11.631674780510366
sort_4;100000;14.902450149878860;0.088330266997218;1.842090887017548;1.337744981981814;11.634273685514927
sort_4;100000;14.667861768975854;0.088472184725106;1.601299353875220;1.350853278301656;11.627226748503745
sort_4;100000;14.704981578513980;0.088283331133425;1.662671564146876;1.338196435011923;11.615817176178098
sort_4;100000;14.687790878117085;0.088296953588724;1.640118733048439;1.333123008720577;11.626240217126906
sort_4;100000;14.350082524120808;0.088285516016185;1.312811929732561;1.331317034550011;11.617654979228973
sort_4;100000;14.652795796282589;0.088308030739427;1.577559079043567;1.332181941717863;11.654734971001744
sort_4;100000;14.537492243573070;0.088365355506539;1.470921355299652;1.349783354438841;11.628410605713725
sort_4;100000;14.614893584512174;0.088488056324422;1.547266462817788;1.336069278419018;11.643057565204799
sort_4;100000;14.592142540961504;0.088363151066005;1.539310393854976;1.331957168877125;11.632499023340642
sort_4;100000;14.544650543481112;0.088180295191705;1.499251913279295;1.329454818740487;11.627749987877905
sort_4;100000;14.522494709119201;0.088419652543962;1.470985877327621;1.334835331887007;11.628240128979087
sort_4;100000;14.538100397214293;0.088385607115924;1.479233289137483;1.342057271860540;11.628411873243749
sort_4;100000;14.535084409639239;0.088246647268534;1.485460262745619;1.331274867989123;11.630089940503240
sort_4;100000;14.571679541841149;0.088362532667816;1.514919844456017;1.342669654637575;11.625715428031981
sort_4;100000;14.603958299383521;0.088360035791993;1.539281999692321;1.344648423604667;11.631655564531684
sort_2;100000;15.774950181134045;0.089539725333452;2.719875720329583;1.332465121522546;11.633056247606874
sort_2;100000;15.316476792097092;0.088544445112348;2.244072161614895;1.347573085688055;11.636272616684437
sort_2;100000;15.027796647511423;0.088662449270487;1.962974430993199;1.337468340992928;11.638675671070814
sort_2;100000;14.427690621465445;0.088637104257941;1.371909300796688;1.336190659552813;11.630938283167779
sort_2;100000;14.869863909669220;0.088654973544180;1.793890248984098;1.346656855195761;11.640647788532078
sort_2;100000;14.575133851729333;0.088415997102857;1.510273556225002;1.340873315930367;11.635554654523730
sort_2;100000;15.505310850217938;0.088823915459216;2.451876541599631;1.332048340700567;11.632544239982963
sort_2;100000;15.349715818651021;0.088404576294124;2.275009543634951;1.354154091328382;11.632131554186344
sort_2;100000;14.722593412734568;0.088772447779775;1.654925473034382;1.348589035682380;11.630289752036333
sort_2;100000;15.757861260324717;0.088951761834323;2.677036648616195;1.338686220347881;11.653162112459540
sort_2;100000;15.486585526727140;0.088704702444375;2.393589251674712;1.348059091717005;11.656208488158882
sort_2;100000;15.682363593950868;0.088802535086870;2.592271809466183;1.344355141744018;11.656911467202008
sort_2;100000;15.502657126635313;0.088552263565361;2.418007297441363;1.341632399708033;11.654441824182868
sort_2;100000;15.751955912448466;0.088732972741127;2.667888112366199;1.344457216560841;11.650852545164526
sort_2;100000;15.435306021012366;0.088624448515475;2.355878184549510;1.349716467782855;11.641065509989858
sort_2;100000;15.481544147245586;0.089527650736272;2.377003715373576;1.339751521125436;11.675232706591487
sort_2;100000;15.810816989280283;0.089203155599535;2.717324363999069;1.343263841234148;11.661002727225423
sort_2;100000;15.601032922975719;0.088481717742980;2.496047131717205;1.336500965990126;11.679982490837574
sort_2;100000;15.843133363872766;0.088942035101354;2.754805628210306;1.347016488201916;11.652345649898052
sort_2;100000;15.871048817411065;0.088868493214250;2.758937772363424;1.346772146411240;11.676445671357214
