sort_2;2;1.817408338189125;0.044978299178183;0.735975756309927;0.954674409236759;0.081692080013454
sort_2;2;1.817839805036783;0.045133427251130;0.738687288016081;0.952505839057267;0.081427779980004
sort_2;2;1.804927244782448;0.044936729129404;0.726125671993941;0.952233314048499;0.081538015976548
sort_2;2;1.819119451101869;0.044985215179622;0.741842221934348;0.950891465879977;0.081289335153997
sort_2;2;1.824611843563616;0.044888284988701;0.743135946802795;0.955235349945724;0.081252924166620
sort_2;2;1.816746976226568;0.044887473806739;0.736374430824071;0.953797915019095;0.081606065854430
sort_2;2;1.801753484178334;0.045018434990197;0.715949242934585;0.959133217111230;0.081570397131145
sort_2;2;2.636264998000115;0.045132721774280;1.565267667640001;0.942877748981118;0.082896620035172
sort_2;2;2.628266235813498;0.045193445403129;1.560445598326623;0.939239754807204;0.083300797734410
sort_2;2;1.798793835565448;0.044907209929079;0.719450392760336;0.953118799719959;0.081244374625385
sort_2;2;1.794985177926719;0.044857770204544;0.715584371704608;0.952942953910679;0.081516035832465
sort_2;2;1.819553618319333;0.044969661161304;0.745462287217379;0.947586185764521;0.081445930991322
sort_2;2;1.803940563928336;0.044992897659540;0.723315357230604;0.954230492003262;0.081311372108757
sort_2;2;1.828340546227992;0.045014560222626;0.745976182166487;0.955879114102572;0.081388085149229
sort_2;2;1.804964847862720;0.044973541982472;0.729177168104798;0.949414015747607;0.081309895962477
sort_2;2;2.704186115879565;0.045456517022103;1.632748473901302;0.942440832033753;0.083441977854818
sort_2;2;1.810955962166190;0.044890516903251;0.730570401996374;0.954168797936291;0.081241085194051
sort_2;2;1.823817498981953;0.044960994273424;0.745249412022531;0.952254388015717;0.081267258152366
sort_2;2;1.813279514200985;0.044987976085395;0.731655003968626;0.954862300306559;0.081692749168724
sort_2;2;1.824528870638460;0.044919833075255;0.748770523816347;0.949378950055689;0.081371672917157
sort_2;1;2.836455612909049;0.088833077810705;0.694659389089793;1.927913269959390;0.125040570739657
sort_2;1;2.851016798987985;0.089454312808812;0.709605019073933;1.926979310810566;0.124966934323311
sort_2;1;2.835288739763200;0.089138838928193;0.697717277798802;1.923470871057361;0.124947274103761
sort_2;1;2.829131674021482;0.089154190383852;0.689370051957667;1.925589995924383;0.125002553686500
sort_2;1;2.864773778710514;0.089152819942683;0.720877285115421;1.929712872952223;0.125018048100173
sort_2;1;2.850158985238522;0.088993233162910;0.708947555627674;1.927361544221640;0.124845433048904
sort_2;1;2.839536291081458;0.089198376983404;0.702002862934023;1.923497111070901;0.124825468752533
sort_2;1;2.851215654052794;0.089195789769292;0.707267008721828;1.929908286314458;0.124834242742509
sort_2;1;2.838313322979957;0.089102978818119;0.699469410348684;1.924865173175931;0.124863341916353
sort_2;1;2.840239332057536;0.089041311759502;0.701134359929711;1.925194768700749;0.124854169785976
sort_2;1;2.835917784832418;0.088994268327951;0.690180555917323;1.931896131020039;0.124836083967239
sort_2;1;2.853437385056168;0.089086218271405;0.709884644020349;1.929497946985066;0.124958372674882
sort_2;1;2.850087261293083;0.089044563937932;0.718154573813081;1.917787404730916;0.125086553860456
sort_2;1;2.836635892279446;0.089057798963040;0.701811600942165;1.920883743092418;0.124871210660785
sort_2;1;2.856664007063955;0.089161685202271;0.712832122109830;1.929733844008297;0.124925784301013
sort_2;1;2.826928408350796;0.089038081932813;0.685799829661846;1.927192457020283;0.124886855017394
sort_2;1;2.868843344971538;0.089166692923754;0.709894234780222;1.944889386184514;0.124878217931837
sort_2;1;2.847460847813636;0.089101032819599;0.707428740337491;1.926085019949824;0.124834639951587
sort_2;1;2.847951779142022;0.089123222976923;0.709393629804254;1.924481173045933;0.124941912945360
sort_2;1;2.847153686918318;0.089019643142819;0.706090969033539;1.927133086137474;0.124898132868111
sort_2;7;0.591552017722279;0.013001949060708;0.276329125743359;0.275010643061250;0.027000931091607
sort_2;7;0.592677793931216;0.012941904831678;0.275708795059472;0.276841509155929;0.026981257833540
sort_2;7;0.591852871701121;0.012946681119502;0.276484570000321;0.275253186933696;0.026966401841491
sort_2;7;0.587487529963255;0.012953877914697;0.271778239868581;0.275578040163964;0.026963270734996
sort_2;7;0.586689692921937;0.012946057133377;0.271847781259567;0.274704533163458;0.026990420650691
sort_2;7;0.587711303960532;0.012979267630726;0.271160569041967;0.276407711207867;0.026961490046233
sort_2;7;0.592091517988592;0.012965796981007;0.271451592911035;0.280495184939355;0.026979985181242
sort_2;7;0.586075798608363;0.012929082848132;0.271230731159449;0.274740523193032;0.026959674898535
sort_2;7;0.592950708232820;0.012993797194213;0.275936322752386;0.276826051063836;0.026994666084647
sort_2;7;0.595445523038507;0.012939657084644;0.276706820819527;0.278597731143236;0.026986571028829
sort_2;7;0.593461418990046;0.012993622105569;0.276810760609806;0.276446216274053;0.026988843921572
sort_2;7;0.592888833954930;0.013004369102418;0.276831401977688;0.275836774148047;0.027006553020328
sort_2;7;0.591015058103949;0.012937119230628;0.276141779031605;0.274731438141316;0.026987179182470
sort_2;7;0.589334736112505;0.012977982871234;0.273404103238136;0.275756136979908;0.026986048091203
sort_2;7;0.591101197991520;0.012927557807416;0.274811200331897;0.276165775023401;0.026984628755599
sort_2;7;0.589866292662919;0.012965869158506;0.273951970972121;0.275752128101885;0.026992454193532
sort_2;7;0.592029749881476;0.012964962050319;0.274259976111352;0.277216460090131;0.026996272150427
sort_2;7;0.591385520063341;0.012992998119444;0.274546227883548;0.276667255908251;0.026974368840456
sort_2;7;0.593112492002547;0.012935805134475;0.274461850058287;0.278515896759927;0.026997630950063
sort_2;7;0.707021172158420;0.013269974850118;0.389410700183362;0.277136821765453;0.027000385802239
sort_2;5;0.793518367223442;0.018140883184969;0.354000241961330;0.384320016950369;0.036916929762810
sort_2;5;0.792121523059905;0.018057488370687;0.352036469150335;0.384932859800756;0.036949348170310
sort_2;5;0.789536097086966;0.018069439101964;0.349647685885429;0.384742088150233;0.036930750124156
sort_2;5;0.794600185006857;0.018026623874903;0.354089486878365;0.385405144188553;0.036933750845492
sort_2;5;0.799406337086111;0.018002154771239;0.359116266947240;0.385162906721234;0.036982720717788
sort_2;5;0.800839053001255;0.018053751904517;0.359547346830368;0.386122527997941;0.036980133038014
sort_2;5;0.803804591763765;0.018092153128237;0.360965169034898;0.387630215380341;0.036976309027523
sort_2;5;0.800285677891225;0.018086275085807;0.359601833857596;0.385490110144019;0.036966698709875
sort_2;5;0.799766523763537;0.018147741910070;0.358706576284021;0.385810519102961;0.036961796693504
sort_2;5;0.793766443151981;0.018092037178576;0.351478318218142;0.387118609156460;0.036939265672117
sort_2;5;0.788828122895211;0.018079746980220;0.349334413185716;0.384287422988564;0.036990744061768
sort_2;5;0.801658917218447;0.018075083848089;0.361344825942069;0.385089559014887;0.037007432896644
sort_2;5;0.790479969698936;0.018067511729896;0.350838176906109;0.384524503257126;0.036916437093168
sort_2;5;0.792082945816219;0.018048892263323;0.351576951332390;0.385390992742032;0.036924611777067
sort_2;5;0.792840491980314;0.018083861097693;0.351039226166904;0.386645354796201;0.036929485853761
sort_2;5;0.791107722092420;0.018128092866391;0.350387774873525;0.385515875648707;0.036934210918844
sort_2;5;0.793748421128839;0.018107269890606;0.352253254037350;0.386303755920380;0.036949073895812
sort_2;5;0.797045671381056;0.018083763774484;0.355593159329146;0.386304135899991;0.036921124905348
sort_2;5;0.790150823071599;0.018073747865856;0.350860530044883;0.384133582003415;0.036932921968400
sort_2;5;0.801112220156938;0.018112170975655;0.359211122151464;0.386667221784592;0.036983014084399
sort_2;6;0.836959167849272;0.015494027175009;0.466884806752205;0.322368275839835;0.032009327784181
sort_2;6;1.019109845161438;0.015473356936127;0.649867529980838;0.321660785004497;0.031864888966084
sort_2;6;0.862787992227823;0.034047465305775;0.470708753913641;0.322569745127112;0.031361958011985
sort_2;6;0.861672777216882;0.026860060170293;0.476249533239752;0.322985032107681;0.031405673362315
sort_2;6;0.861442431341857;0.027443722356111;0.476445614360273;0.322050629183650;0.031408292241395
sort_2;6;0.962359095923603;0.015344038140029;0.593410843051970;0.321868767030537;0.031523398123682
sort_2;6;0.832714867778122;0.015437431167811;0.464057662989944;0.321639104746282;0.031367565970868
sort_2;6;0.835560623090714;0.028121565002948;0.449915962759405;0.322057907003909;0.031367494259030
sort_2;6;0.868901779875159;0.027467283885926;0.484748222865164;0.320554676000029;0.032034946139902
sort_2;6;0.960379376076162;0.015285368077457;0.591367890127003;0.322065883316100;0.031453784089535
sort_2;6;0.959597325883806;0.015552463941276;0.590724232606590;0.321592648047954;0.031516767106950
sort_2;6;0.846620019059628;0.027671749703586;0.461506745778024;0.321961713954806;0.031358772888780
sort_2;6;0.876359499059618;0.027823952957988;0.419207975734025;0.393524169921875;0.031697766389698
sort_2;6;0.833867577370256;0.015421126037836;0.465321780182421;0.321542885154486;0.031378631014377
sort_2;6;0.965495912823826;0.015268868766725;0.597153394948691;0.321448640897870;0.031421019230038
sort_2;6;0.965003595221788;0.015317340381444;0.595256649889052;0.322663742117584;0.031561348121613
sort_2;6;0.921317051164806;0.027724078856409;0.412777964957058;0.444449780974537;0.032269565854222
sort_2;6;0.890350796282291;0.027049391996115;0.420732928905636;0.407110542058945;0.031366614159197
sort_2;6;0.872295741923153;0.027299434877932;0.487612886819988;0.321875873953104;0.031408302951604
sort_2;6;0.877593281213194;0.028044258244336;0.489844392985106;0.323320116847754;0.032297429628670
sort_2;4;0.988865370396525;0.022239791695029;0.439367854967713;0.482051991857588;0.045079187955707
sort_2;4;0.980546560604125;0.022294647991657;0.433377190958709;0.479549787007272;0.045213230885565
sort_2;4;0.987954332027584;0.022240814287215;0.436412014067173;0.483951163012534;0.045240336097777
sort_2;4;0.988749751821160;0.022222343832254;0.440058712847531;0.481217036955059;0.045124529860914
sort_2;4;0.985957158263773;0.022252873983234;0.435998927801847;0.482345067895949;0.045244053937495
sort_2;4;0.986469625029713;0.022272607311606;0.434655153192580;0.484321816824377;0.045097908005118
sort_2;4;0.990604219958186;0.022254447918385;0.440722093917429;0.482237775810063;0.045275497715920
sort_2;4;0.988030539825559;0.022252951748669;0.438738123979419;0.481704145669937;0.045223157852888
sort_2;4;0.991038612090051;0.022292596288025;0.440873884130269;0.482571647968143;0.045194238889962
sort_2;4;0.998036792967469;0.022270552348346;0.444668940268457;0.485895810183138;0.045070760883391
sort_2;4;0.992066085804254;0.022258618846536;0.440677524078637;0.483781251125038;0.045236248057336
sort_2;4;0.997353945858777;0.022242220118642;0.448596558999270;0.481280100997537;0.045105208642781
sort_2;4;0.984160261694342;0.022251570131630;0.436042100191116;0.480553796049207;0.045202360022813
sort_2;4;0.994192052166909;0.022241009399295;0.443776227999479;0.482928077690303;0.045122789219022
sort_2;4;0.994291957933456;0.022220231126994;0.445670889224857;0.481132910121232;0.045138060115278
sort_2;4;0.998940789606422;0.022229324094951;0.449965586885810;0.481391970999539;0.045238308142871
sort_2;4;0.979045432992280;0.022282419260591;0.432105660904199;0.479462384246290;0.045068557839841
sort_2;4;0.993772693909705;0.022324236109853;0.443487837910652;0.482574108988047;0.045276612043381
sort_2;4;0.992669608909637;0.022236336022615;0.443495555780828;0.481681785080582;0.045132345054299
sort_2;4;0.991243657190353;0.022231956012547;0.440758354961872;0.482849508989602;0.045282648876309
sort_2;3;1.257943554781377;0.029636370949447;0.526970905251801;0.643154650926590;0.058080140501261
sort_2;3;1.262836097739637;0.029633075930178;0.533946942538023;0.641136799007654;0.058009563013911
sort_2;3;1.269697684794664;0.029544381424785;0.531885332427919;0.650021691806614;0.058133094571531
sort_2;3;1.265716837719083;0.029633747413754;0.534805150702596;0.643096925690770;0.058070440776646
sort_2;3;1.260552526451647;0.029554327949882;0.532675032503903;0.640219365246594;0.057985238730907
sort_2;3;1.263968111947179;0.029557771049440;0.533501747995615;0.642792680300772;0.058016120456159
sort_2;3;1.259613647125661;0.029581456445158;0.531577026471496;0.640344798564911;0.058007868938148
sort_2;3;1.257308540865779;0.029746785759926;0.530358018353581;0.639160127379000;0.057951823808253
sort_2;3;1.255712063983083;0.029560416936874;0.530247105285525;0.637841185554862;0.057976233772933
sort_2;3;1.265222378075123;0.029608674347401;0.534358703531325;0.643187806941569;0.057973235845566
sort_2;3;1.259430662728846;0.029508218169212;0.528630358166993;0.642778652720153;0.058420414105058
sort_2;3;1.269827044568956;0.029842753894627;0.538061631843448;0.643761291168630;0.058047998696566
sort_2;3;1.261486453935504;0.029568140394986;0.531925830990076;0.641253584995866;0.058634033426642
sort_2;3;1.266990759409964;0.029864582233131;0.536943775601685;0.641990290023386;0.058067011646926
sort_2;3;1.268994092009962;0.029652936384082;0.540004697628319;0.641185807064176;0.058040583506227
sort_2;3;1.264361039735377;0.029547351412475;0.532110515050590;0.644239786081016;0.058349148370326
sort_2;3;1.267581066116691;0.029702682048082;0.532932087779045;0.646793632768095;0.058037606067955
sort_2;3;1.254668666981161;0.029579287394881;0.529799931682646;0.637236719951034;0.057952969335020
sort_2;3;1.260066465474665;0.029567347839475;0.531148090027273;0.641287574544549;0.057975417003036
sort_2;3;1.264807530678809;0.029556443914771;0.533898473717272;0.643309610895813;0.057955874130130
sort_2;10;0.419769810978323;0.009155767038465;0.198234580922872;0.192889222409576;0.019229878671467
sort_2;10;0.420495870988816;0.009157191030681;0.198569193948060;0.193268693983555;0.019241155590862
sort_2;10;0.420183350332081;0.009137068875134;0.198760433122516;0.192777102347463;0.019251965917647
sort_2;10;0.420831467024982;0.009110295213759;0.199011366348714;0.193189257290214;0.019263103138655
sort_2;10;0.419918177183717;0.009134140796959;0.198784987907857;0.192487454041839;0.019249648787081
sort_2;10;0.423308005090803;0.009164017159492;0.199592689052224;0.195032305084169;0.019254647195339
sort_2;10;0.420912128873169;0.009103569202125;0.198529819957912;0.193786627147347;0.019237071741372
sort_2;10;0.421045769006014;0.009100657422096;0.199503460898995;0.192947908304632;0.019246574956924
sort_2;10;0.419678451027721;0.009147111326456;0.197531568352133;0.193492792081088;0.019250108860433
sort_2;10;0.419595436193049;0.009144983254373;0.197804106865078;0.193170831073076;0.019237507134676
sort_2;10;0.425626263022423;0.009084463119507;0.198403540067375;0.198625344783068;0.019272821024060
sort_2;10;0.421684694010764;0.009147658944130;0.199294693302363;0.193739817012101;0.019254580140114
sort_2;10;0.418454820755869;0.009156156796962;0.197233006823808;0.192573326639831;0.019244655035436
sort_2;10;0.420319391880184;0.009158475324512;0.198624992277473;0.193027692846954;0.019261467270553
sort_2;10;0.420011820271611;0.009116203989834;0.198929971083999;0.192465006839484;0.019247495103627
sort_2;10;0.422082021832466;0.009129220154136;0.200081193819642;0.193337544333190;0.019268703181297
sort_2;10;0.418861061800271;0.009134277235717;0.197831439319998;0.192394097335637;0.019245584961027
sort_2;10;0.422674593050033;0.009107369929552;0.200976219028234;0.193066671025008;0.019270604941994
sort_2;10;0.420540303923190;0.009112539701164;0.199008425697684;0.192889818921685;0.019271329045296
sort_2;10;0.424248402938247;0.009148711804301;0.202215063385665;0.193377576768398;0.019258202053607
sort_2;12;0.445170953404158;0.021963194943964;0.241582253016531;0.160672035999596;0.016149818431586
sort_2;12;0.390814262907952;0.007572970353067;0.188885949086398;0.160970224067569;0.016122718807310
sort_2;12;0.425477876327932;0.007522461935878;0.223258594051003;0.161595631390810;0.016129859257489
sort_2;12;0.501105186995119;0.019073398783803;0.299872954376042;0.161797299049795;0.016196408774704
sort_2;12;0.476640438195318;0.018982455134392;0.275780692230910;0.161530965939164;0.016155965160578
sort_2;12;0.469125788193196;0.019074056297541;0.267408631742001;0.162151548080146;0.016300863120705
sort_2;12;0.451627708971500;0.007595472969115;0.239617130253464;0.172480236738920;0.016168348956853
sort_2;12;0.496557158883661;0.019036989193410;0.295487902127206;0.161685711704195;0.016135474201292
sort_2;12;0.378823760896921;0.019027419853956;0.178435503039509;0.161023097112775;0.016131917014718
sort_2;12;0.407109035179019;0.019088680390269;0.205862141214311;0.161831586156040;0.016132498160005
sort_2;12;0.373451990075409;0.019064744003117;0.173190937843174;0.160865432117134;0.016130227129906
sort_2;12;0.502597462851554;0.019057359080762;0.302125331014395;0.161074545700103;0.016143977176398
sort_2;12;0.385503587778658;0.021736192051321;0.181906296871603;0.161504447925836;0.016126756090671
sort_2;12;0.472437283024192;0.019069667905569;0.272368676960468;0.160651809070259;0.016141557600349
sort_2;12;0.481387316714972;0.020827051252127;0.279259878676385;0.160928593017161;0.016148356255144
sort_2;12;0.531156314071268;0.019710124004632;0.294838089961559;0.196218479424715;0.016153742559254
sort_2;12;0.475358841940761;0.019116941839457;0.270313686691225;0.165532908868045;0.016170572023839
sort_2;12;0.454807264264673;0.019055832643062;0.248130701016635;0.167259240057319;0.016162652056664
sort_2;12;0.411186155863106;0.022280293051153;0.207908427808434;0.160691210068762;0.016127380076796
sort_2;12;0.517148829996586;0.019027944188565;0.241001874674112;0.236770479939878;0.016151621937752
sort_2;9;0.469332916196436;0.009999907109886;0.223371427040547;0.214482267852873;0.021260208915919
sort_2;9;0.467320293653756;0.009997711051255;0.221475319936872;0.214383731130511;0.021246976219118
sort_2;9;0.467604159843177;0.010027292184532;0.221396087203175;0.214722791686654;0.021249009761959
sort_2;9;0.470521063078195;0.010022410657257;0.224425008986145;0.214608085807413;0.021250386722386
sort_2;9;0.469183872919530;0.010002362076193;0.223216925747693;0.214511276688427;0.021233603358269
sort_2;9;0.467111430130899;0.009967829100788;0.221255885902792;0.214396398980170;0.021269813179970
sort_2;9;0.466456260066479;0.009998509194702;0.220715529751033;0.214286944828928;0.021229388192296
sort_2;9;0.469032333698124;0.010017297230661;0.221291118767112;0.216262787114829;0.021237633191049
sort_2;9;0.468921161256731;0.009975839406252;0.221251314971596;0.216214661952108;0.021255615167320
sort_2;9;0.468913472723216;0.009993894957006;0.222641728818417;0.214784546755254;0.021270780824125
sort_2;9;0.464417515788227;0.010010606143624;0.219044500961900;0.213879284914583;0.021253690123558
sort_2;9;0.466303016990423;0.009969366714358;0.219646813813597;0.215185766108334;0.021279952023178
sort_2;9;0.465191956143826;0.009994805790484;0.219900568015873;0.213816061150283;0.021258804015815
sort_2;9;0.464343310799450;0.009952609892935;0.219491406809539;0.213430749252439;0.021247248165309
sort_2;9;0.466706759762019;0.009925957769156;0.220312599092722;0.215002811048180;0.021248691249639
sort_2;9;0.467045465018600;0.009988768026233;0.220122572965920;0.215089304838330;0.021247393917292
sort_2;9;0.469443175010383;0.009954150766134;0.223975840024650;0.214038757141680;0.021256280131638
sort_2;9;0.467022019904107;0.010021674912423;0.221863057930022;0.213663991075009;0.021248080302030
sort_2;9;0.466400975827128;0.010025158990175;0.219759146682918;0.215149420779198;0.021256508305669
sort_2;9;0.465805276297033;0.009972348809242;0.218880366068333;0.215485026594251;0.021255460102111
sort_2;8;0.526513908058405;0.011239282321185;0.250034327153116;0.241188293322921;0.023824363015592
sort_2;8;0.523007261101156;0.011206832248718;0.246433302760124;0.241371310781687;0.023780580144376
sort_2;8;0.523879042826593;0.011224280111492;0.247593517880887;0.240656189154834;0.023824073839933
sort_2;8;0.522805965039879;0.011216113809496;0.246905200183392;0.240659837145358;0.023812022060156
sort_2;8;0.523468045052141;0.011187209282070;0.247553830966353;0.240676932968199;0.023833109065890
sort_2;8;0.523058313876390;0.011236859951168;0.247317545115948;0.240516387857497;0.023768652696162
sort_2;8;0.523323554079980;0.011242570355535;0.247576006222516;0.240524408873171;0.023772228974849
sort_2;8;0.523282836191356;0.011161616537720;0.247468195855618;0.240682831965387;0.023756587877870
sort_2;8;0.522975625004619;0.011227750685066;0.246407556813210;0.241341133136302;0.023783886805177
sort_2;8;0.526555456686765;0.011170392856002;0.249724229797721;0.241658065933734;0.023774211760610
sort_2;8;0.526655415073037;0.011195723898709;0.249149885028601;0.242305004037917;0.023789589293301
sort_2;8;0.525483977980912;0.011208548210561;0.249612152110785;0.240671878214926;0.023766954895109
sort_2;8;0.523688074201345;0.011192480102181;0.248336760792881;0.240159291308373;0.023786690086126
sort_2;8;0.522696994245052;0.011218152008951;0.245298926718533;0.242182285990566;0.023776273243129
sort_2;8;0.521265357732773;0.011177198961377;0.244939981028438;0.241168705746531;0.023767862003297
sort_2;8;0.522570795379579;0.011184369213879;0.245643872767687;0.241766009014100;0.023760275915265
sort_2;8;0.521909336093813;0.011206324212253;0.245193243958056;0.241520745214075;0.023783628828824
sort_2;8;0.523596369195729;0.011176215950400;0.245541345793754;0.242891952861100;0.023769670166075
sort_2;8;0.522435302846134;0.011198433581740;0.245333394967020;0.241910322103649;0.023780898191035
sort_2;8;0.521697272080928;0.011205186136067;0.245225473772734;0.241289553232491;0.023764830082655
sort_2;11;0.751546856947243;0.020949726924300;0.415859750006348;0.268771247006953;0.025349711999297
sort_2;11;0.664196297060698;0.011598022654653;0.440961863379925;0.176725394092500;0.017852874007076
sort_2;11;0.780091248918325;0.020746765192598;0.458684548269957;0.266101971734315;0.017727035097778
sort_2;11;0.685284198261797;0.021349087823182;0.458324302453548;0.183241387829185;0.018136029597372
sort_2;11;0.663561381865293;0.024228106718510;0.428327955771238;0.176756174769253;0.017845415044576
sort_2;11;0.774519171100110;0.021638780832291;0.441284438129514;0.277503060176969;0.025904043111950
sort_2;11;0.653534987941384;0.020489701069891;0.434302022214979;0.176585781387985;0.017925249878317
sort_2;11;0.758389796130359;0.027902771718800;0.426846785005182;0.269291120581329;0.017813479993492
sort_2;11;0.576412315946072;0.008558101952076;0.373507087118924;0.175916696898639;0.018080316949636
sort_2;11;0.671414393000305;0.021409000270069;0.451419811695814;0.176693888846785;0.017721087206155
sort_2;11;0.676549218129367;0.024422664195299;0.432752617169172;0.183705328032374;0.018260545097291
sort_2;11;0.823527245782316;0.008221937809139;0.478979280218482;0.290094977244735;0.023990361951292
sort_2;11;0.675643966067582;0.008256934117526;0.457131258212030;0.175797435920686;0.017850457224995
sort_2;11;0.682559343054891;0.020569651853293;0.462169122882187;0.177502040285617;0.018117157276720
sort_2;11;0.652145515661687;0.020844926126301;0.431340734008700;0.177636411041021;0.018148357979953
sort_2;11;0.810100575909019;0.008251172956079;0.464744359254837;0.301288045942783;0.017897815909237
sort_2;11;0.684012256097049;0.025195273105055;0.447428958956152;0.176063998136669;0.018223545048386
sort_2;11;0.797143340110779;0.025389900896698;0.478278743103147;0.267274598125368;0.018097765743732
sort_2;11;0.674776275176555;0.020148287992924;0.443179504945874;0.175692168995738;0.018434375990182
sort_2;11;0.622507887892425;0.020292920991778;0.404038643930107;0.175670953001827;0.018344299867749
sort_2;16;0.274145883042365;0.005729004740715;0.135112944990396;0.120669733732939;0.012279354035854
sort_2;16;0.274348740931600;0.005711433012038;0.135268754791468;0.120725754182786;0.012276686728001
sort_2;16;0.274819974787533;0.005711449775845;0.135314434301108;0.121166262775660;0.012255094945431
sort_2;16;0.274152023252100;0.005730757024139;0.134850995149463;0.120953280013055;0.012248591054231
sort_2;16;0.275106919929385;0.005739065818489;0.135569108184427;0.121175867971033;0.012256545014679
sort_2;16;0.274467788636684;0.005709986202419;0.135042114183307;0.121081911027431;0.012264281976968
sort_2;16;0.300225711893290;0.005769992247224;0.134787431918085;0.146618525031954;0.012295476160944
sort_2;16;0.274782738182694;0.005733801983297;0.135190832428634;0.121233993675560;0.012254539877176
sort_2;16;0.274838766083121;0.005739791318774;0.135687496978790;0.120778386946768;0.012246588245034
sort_2;16;0.275358031038195;0.005747525952756;0.135063607711345;0.121879781130701;0.012270890176296
sort_2;16;0.274264219217002;0.005705195013434;0.134736559819430;0.121223608963192;0.012233071029186
sort_2;16;0.290624683722854;0.005735871847719;0.150762345176190;0.121474843006581;0.012283431831747
sort_2;16;0.274554651230574;0.005769941955805;0.135211286135018;0.120961755048484;0.012239920906723
sort_2;16;0.274028358049691;0.005745095666498;0.134327082894742;0.121330589987338;0.012267235666513
sort_2;16;0.273500941693783;0.005704422015697;0.134364917874336;0.120811406988651;0.012246331200004
sort_2;16;0.273317836225033;0.005739981308579;0.133384251967072;0.121544599998742;0.012284586206079
sort_2;16;0.273738684132695;0.005722026806325;0.134649656247348;0.120711282826960;0.012278305832297
sort_2;16;0.274359195958823;0.005702930036932;0.134923520963639;0.121127266902477;0.012243659701198
sort_2;16;0.275126400403678;0.005738548934460;0.134980658069253;0.121762323658913;0.012280153110623
sort_2;16;0.274049750994891;0.005782762076706;0.134941475000232;0.120652162935585;0.012299937661737
sort_2;13;0.334697745274752;0.006947264075279;0.163667158223689;0.148822994902730;0.014939809683710
sort_2;13;0.333880482241511;0.006939602084458;0.162719503976405;0.149003823753446;0.014902515802532
sort_2;13;0.333594779949635;0.006959154270589;0.162609182298183;0.148800258990377;0.014924892690033
sort_2;13;0.333076240960509;0.006973906885833;0.162354178726673;0.148516318295151;0.014923075214028
sort_2;13;0.335005267988890;0.006947148125619;0.162797061260790;0.150033968966454;0.014915538951755
sort_2;13;0.334291047882289;0.006968173198402;0.163030990865082;0.149063364136964;0.014915252104402
sort_2;13;0.333111296873540;0.007020093966275;0.162359491921961;0.148513072170317;0.014912559185177
sort_2;13;0.334687856957316;0.006946584675461;0.162949206773192;0.149555251002312;0.014927956741303
sort_2;13;0.333561480976641;0.006981370039284;0.162059178110212;0.149289302993566;0.014921778347343
sort_2;13;0.334466329775751;0.006978107150644;0.163328891620040;0.148928167298436;0.014927428681403
sort_2;13;0.335098409093916;0.006975542288274;0.163814208935946;0.149064652156085;0.014933493919671
sort_2;13;0.335742746945471;0.006937955971807;0.163702729158103;0.149860548786819;0.014930220786482
sort_2;13;0.334485230967402;0.007015629671514;0.163258457090706;0.148970450740308;0.014933106023818
sort_2;13;0.335753277875483;0.006977198645473;0.163725577760488;0.149791783187538;0.014952161349356
sort_2;13;0.336331579834223;0.006972949951887;0.163067615590990;0.151017688214779;0.014962727669626
sort_2;13;0.334623985923827;0.006981155835092;0.163266955874860;0.149110538419336;0.014954823069274
sort_2;13;0.336576778907329;0.006973656825721;0.164265135303140;0.150066523812711;0.014964614063501
sort_2;13;0.333745688199997;0.006965146865696;0.162833494134247;0.148694130126387;0.014944723807275
sort_2;13;0.335782374255359;0.006970338989049;0.163890341296792;0.149660315830261;0.014958969783038
sort_2;13;0.334404704626650;0.006977140903473;0.163719609845430;0.148471232969314;0.014929255004972
sort_2;15;0.418466139584780;0.022967064753175;0.207454052753747;0.166965859010816;0.012981920503080
sort_2;15;0.355878609232605;0.015927531756461;0.194280605763197;0.128503951244056;0.012959883548319
sort_2;15;0.386398842558265;0.015904027037323;0.220250820741057;0.129118039272726;0.012947297655046
sort_2;15;0.304472318850458;0.015886800363660;0.138154504820704;0.129301214590669;0.012993434444070
sort_2;15;0.392184717580676;0.015889539383352;0.207093909382820;0.152031932957470;0.012958489358425
sort_2;15;0.316351281479001;0.015914887189865;0.154818416573107;0.128468842245638;0.012949581257999
sort_2;15;0.356913697905838;0.015887584537268;0.190335603430867;0.129567185416818;0.012940118089318
sort_2;15;0.350505585782230;0.015962742269039;0.187854666262865;0.129535754211247;0.012943710200489
sort_2;15;0.349306616932154;0.015897949226201;0.186838544905186;0.128681599162519;0.012973652221262
sort_2;15;0.392110070213675;0.022688802331686;0.181586728431284;0.166697697713971;0.012942252680659
sort_2;15;0.382495407946408;0.015947663225234;0.211447413079441;0.137781334109604;0.012970795854926
sort_2;15;0.325919754803181;0.015837942250073;0.163700999692082;0.129114956595004;0.012956920079887
sort_2;15;0.363356743007898;0.015900053083897;0.200575239956379;0.129694993607700;0.012981882318854
sort_2;15;0.306510527618229;0.017118915915489;0.143163695000112;0.129096779040992;0.012936871498823
sort_2;15;0.381525146774948;0.016049951314926;0.194311918690801;0.153997769579291;0.012949845753610
sort_2;15;0.365650720894337;0.015908067114651;0.202585919760168;0.129952057264745;0.012997493147850
sort_2;15;0.344499650411308;0.019144587218761;0.179320504888892;0.128898693248630;0.012938423082232
sort_2;15;0.362795827910304;0.015891387127340;0.200467208400369;0.128908718936145;0.012984543107450
sort_2;15;0.355384172871709;0.015915216878057;0.193398333154619;0.128940898925066;0.012932970188558
sort_2;15;0.324339612387121;0.015942418016493;0.162593923509121;0.128652893006802;0.012957297265530
sort_2;14;0.324353822972625;0.016761584207416;0.151699922978878;0.137835747562349;0.013868247158825
sort_2;14;0.381084603723139;0.016758681274951;0.207696325611323;0.138536348938942;0.013867988251150
sort_2;14;0.388876760844141;0.016750697046518;0.211463782005012;0.138558007311076;0.013865054585040
sort_2;14;0.382140008732677;0.018680217210203;0.203165723010898;0.138232246972620;0.013857970945537
sort_2;14;0.372136838268489;0.016769660171121;0.199130587745458;0.138194422237575;0.013888446148485
sort_2;14;0.343960194848478;0.016761776059866;0.168591787107289;0.138514754362404;0.013881864957511
sort_2;14;0.452980136964470;0.016769902780652;0.204596636816859;0.213537374977022;0.013882930856198
sort_2;14;0.362342248205096;0.016786065883934;0.188861017115414;0.138576148077846;0.013888927176595
sort_2;14;0.387727484572679;0.016715820878744;0.202119627036154;0.150886331219226;0.013856081292033
sort_2;14;0.374607007019222;0.016734067816287;0.201289814431220;0.138471466954798;0.013883409090340
sort_2;14;0.389025346841663;0.016734549775720;0.213911689352244;0.138570287264884;0.013878345023841
sort_2;14;0.369766570162028;0.016732148826122;0.196562014985830;0.138417718000710;0.013879089150578
sort_2;14;0.373612927272916;0.021128438878804;0.192855319939554;0.137563742231578;0.013875892851502
sort_2;14;0.325099825393409;0.016847452148795;0.151299392804503;0.138860875274986;0.013888929039240
sort_2;14;0.387822390999645;0.016761225182563;0.214545255061239;0.138422233983874;0.013867764268070
sort_2;14;0.377420339733362;0.016754385083914;0.202937676105648;0.138176159933209;0.013885071966797
sort_2;14;0.371424933895469;0.016785614192486;0.198128139134496;0.138424565084279;0.013892613817006
sort_2;14;0.337441486772150;0.017640885896981;0.163292685989290;0.138442228082567;0.013899439014494
sort_2;14;0.388898500241339;0.016781917307526;0.215267361141741;0.138739426154643;0.013875660952181
sort_2;14;0.373652184847742;0.016771979164332;0.200185779016465;0.138576012104750;0.013886358123273
sort_4;2;1.673876783810556;0.045095244888216;0.589704120997339;0.957743024919182;0.081241433043033
sort_4;2;1.660381496883929;0.044851370155811;0.583082644268870;0.951146368402988;0.081218233797699
sort_4;2;2.390206345357001;0.046131583862007;1.314910545945168;0.944728284608573;0.084312398917973
sort_4;2;1.669079915154725;0.044879748951644;0.584698761813343;0.958191776182503;0.081221624743193
sort_4;2;1.654478133190423;0.045001816935837;0.577346915379167;0.950806706678122;0.081241502892226
sort_4;2;1.681917309761047;0.044954535085708;0.584141036029905;0.971396796870977;0.081336579285562
sort_4;2;1.656255659181625;0.044927749317139;0.576922325883061;0.953115331009030;0.081200910266489
sort_4;2;1.670162125956267;0.044902327936143;0.591501875780523;0.952415173873305;0.081260145176202
sort_4;2;1.659438459202647;0.044922410044819;0.577159910928458;0.955873687751591;0.081403348594904
sort_4;2;1.657959301955998;0.045230995863676;0.576521464157850;0.954860587138683;0.081253835931420
sort_4;2;1.676459874026477;0.045226234942675;0.582201746292412;0.967721973080188;0.081228492781520
sort_4;2;1.646619661245495;0.044831495732069;0.567178933881223;0.953167276922613;0.081364843063056
sort_4;2;1.633627922739834;0.044855183921754;0.556193994823843;0.951272058300674;0.081210334785283
sort_4;2;1.630821635946631;0.044777546077967;0.550712523981929;0.954073389992118;0.081162643618882
sort_4;2;2.442805145867169;0.045461283996701;1.389628753997386;0.924710106104612;0.082917792722583
sort_4;2;1.648468314204365;0.044980251230299;0.564040109980851;0.957189338747412;0.082158104982227
sort_4;2;1.656747556291521;0.045038339216262;0.576453363057226;0.953763996250927;0.081405475270003
sort_4;2;1.641353657934815;0.045201794710010;0.560423390008509;0.954296708572656;0.081361749209464
sort_4;2;1.656963514164090;0.044954621698707;0.576813085936010;0.953750288113952;0.081367141101509
sort_4;2;1.650843520648777;0.044924546033144;0.570719738025218;0.953794702887535;0.081308555789292
sort_4;1;2.725460287183523;0.089012088719755;0.576794834807515;1.934808321297169;0.124833513051271
sort_4;1;2.724910855758935;0.088898725807667;0.588012827094644;1.923172780778259;0.124814292881638
sort_4;1;2.721727959811687;0.088998746126890;0.578177551273257;1.929661579895765;0.124878388829529
sort_4;1;2.714615223929286;0.089027051813900;0.578446516767144;1.922275156248361;0.124853465240449
sort_4;1;2.730464811902493;0.089007198810577;0.595457572024316;1.921211880631745;0.124775945208967
sort_4;1;2.725968433544040;0.089025426190346;0.588821494020522;1.923282901756465;0.124826194718480
sort_4;1;2.746257162652910;0.089032894000411;0.578105018008500;1.954244412947446;0.124863069970161
sort_4;1;2.743624907918274;0.089059025049210;0.580573220737278;1.949180119205266;0.124799787066877
sort_4;1;2.732025852892548;0.088964390102774;0.586665515322238;1.931555281858891;0.124828158877790
sort_4;1;2.735036778729409;0.089032541029155;0.592893893364817;1.928234547376633;0.124864034820348
sort_4;1;2.737621741369367;0.089039552025497;0.581998348236084;1.941782886162400;0.124787816777825
sort_4;1;2.735133686102927;0.088973239995539;0.596188490279019;1.925093748141080;0.124866116791964
sort_4;1;2.712303665932268;0.088952149730176;0.574840280693024;1.923691758885980;0.124808016233146
sort_4;1;2.738882198929787;0.089015271980315;0.589925272855908;1.935128096956760;0.124801435042173
sort_4;1;2.731746238656342;0.089034739881754;0.584701234940439;1.933204589411616;0.124792890157551
sort_4;1;2.727758396416903;0.088995860889554;0.580046347342432;1.933852436952293;0.124852253124118
sort_4;1;2.710160546936095;0.089043207000941;0.576689821202308;1.919673513621092;0.124741788022220
sort_4;1;2.709478126838803;0.089024099055678;0.571374960243702;1.924386010039598;0.124682904686779
sort_4;1;2.719430924858898;0.088946517556906;0.583933269605041;1.921759265009314;0.124779829755425
sort_4;1;2.729593575932086;0.088936538901180;0.582327945157886;1.933503350708634;0.124813372734934
sort_4;6;0.595705308020115;0.015174957923591;0.226378464139998;0.322784078307450;0.031192262191325
sort_4;6;0.593770823907107;0.015140798874199;0.225496540311724;0.321787660941482;0.031181361060590
sort_4;6;0.600178265944123;0.015126514714211;0.229822720866650;0.323880203999579;0.031179388053715
sort_4;6;0.602605907712132;0.015140368137509;0.229915877338499;0.326163537334651;0.031210450921208
sort_4;6;0.598451563157141;0.015137710142881;0.229845214169472;0.322090300265700;0.031204688828439
sort_4;6;0.598413889296353;0.015100528951734;0.229797558858991;0.322160838637501;0.031189417932183
sort_4;6;0.597478988114744;0.015124772209674;0.230241690296680;0.320734187029302;0.031209866981953
sort_4;6;0.596020353958011;0.015071624889970;0.225823090877384;0.323772082105279;0.031186079140753
sort_4;6;0.596020715776831;0.015089461579919;0.225654204841703;0.323896797839552;0.031202039681375
sort_4;6;0.597631749697030;0.015092690940946;0.227173523977399;0.323971276171505;0.031218963209540
sort_4;6;0.592729350086302;0.015179643873125;0.225362829864025;0.320841839071363;0.031179904006422
sort_4;6;0.593535417690873;0.015083102975041;0.226094824261963;0.320986310020089;0.031206439249218
sort_4;6;0.597195924259722;0.015162311960012;0.225223361980170;0.325421524234116;0.031222416087985
sort_4;6;0.596063136123121;0.015169480349869;0.225731304846704;0.323814187198877;0.031181589700282
sort_4;6;0.599237204995006;0.015119642950594;0.225724995136261;0.327032205183059;0.031194968149066
sort_4;6;0.595339302904904;0.015124524012208;0.225478147622198;0.323392403312027;0.031180127058178
sort_4;6;0.599168860353529;0.015127502381802;0.225815593730658;0.326867799740285;0.031191947869956
sort_4;6;0.598202042747289;0.015125737991184;0.225398768205196;0.326326877810061;0.031178770586848
sort_4;6;0.594715349841863;0.015096282120794;0.225789307150990;0.322449841070920;0.031208729837090
sort_4;6;0.599913776852190;0.015146728139371;0.226495078764856;0.326881504151970;0.031227633822709
sort_4;5;0.706946346908808;0.017907381057739;0.267733638174832;0.384424271062016;0.036754720844328
sort_4;5;0.708353593014181;0.017848150804639;0.268843575380743;0.384781016968191;0.036747553385794
sort_4;5;0.709101736545563;0.017821836285293;0.266841280274093;0.387556278146803;0.036751066334546
sort_4;5;0.705196618102491;0.017831530421972;0.264141288585961;0.386368029750884;0.036726726219058
sort_4;5;0.708910202607512;0.017830361612141;0.268972199410200;0.385221512988210;0.036755603738129
sort_4;5;0.713611421175301;0.017865192145109;0.269005148671567;0.389874836429954;0.036736572161317
sort_4;5;0.708193481899798;0.017779249697924;0.263767743483186;0.389780849218369;0.036734961904585
sort_4;5;0.707933375611901;0.018064852803946;0.267438310198486;0.385562722571194;0.036737557500601
sort_4;5;0.764500007964671;0.017801084555686;0.270272727124393;0.439552717842162;0.036741483025253
sort_4;5;0.711697378195822;0.017834531143308;0.267671240493655;0.389310739934444;0.036747704260051
sort_4;5;0.714620942249894;0.017841831780970;0.269744750112295;0.390138844028115;0.036754985339940
sort_4;5;0.713645596988499;0.017863721586764;0.267676596529782;0.391207239590585;0.036760672926903
sort_4;5;0.704261773265898;0.017831887118518;0.263665858656168;0.385881218127906;0.036747188307345
sort_4;5;0.762530284933746;0.017820711247623;0.267555033788085;0.440289285033941;0.036736072041094
sort_4;5;0.709850469604135;0.017853140830994;0.263674076646566;0.391443797387183;0.036747120320797
sort_4;5;0.715363377705216;0.017866769805551;0.272762901149690;0.387875790707767;0.036731909029186
sort_4;5;0.705928452312946;0.017817395739257;0.266224941238761;0.385011692531407;0.036737873218954
sort_4;5;0.716949047520757;0.017869261093438;0.273277696222067;0.388961595483124;0.036714662797749
sort_4;5;0.709568531252444;0.017851046286523;0.263382537290454;0.391450550407171;0.036743648350239
sort_4;5;0.715367961674929;0.017880092374980;0.268567328341305;0.392060351558030;0.036732620559633
sort_4;7;0.819774190895259;0.013131935149431;0.502175936941057;0.276433059014380;0.027813123073429
sort_4;7;0.755977078806609;0.013274360913783;0.436129782814533;0.278402716852725;0.027931891847402
sort_4;7;0.787039062939584;0.025853337254375;0.294831119012088;0.427746413741261;0.030469007324427
sort_4;7;0.802811701782048;0.026046053040773;0.466956872027367;0.277977348770946;0.027718394994736
sort_4;7;0.686395799275488;0.025080539286137;0.290377178695053;0.339319631922990;0.027489967644215
sort_4;7;0.772768503986299;0.025727774947882;0.434943899977952;0.280086901038885;0.027899143286049
sort_4;7;0.731346487067640;0.025072815828025;0.386646690778434;0.288353952113539;0.027167820837349
sort_4;7;0.798627805896103;0.025596174877137;0.461369268130511;0.280329567380250;0.027229571249336
sort_4;7;0.825741732958704;0.013373907189816;0.505284445825964;0.278972900006920;0.027854830026627
sort_4;7;0.825576780829579;0.013079951051623;0.504707889165729;0.279700207058340;0.027837055735290
sort_4;7;0.803367841988802;0.037187184672803;0.458504642825574;0.276342585217208;0.027212961111218
sort_4;7;0.824667566921562;0.013351018074900;0.507533784955740;0.275741809979081;0.027816369198263
sort_4;7;0.785553365945816;0.025705076754093;0.452277407050133;0.276056002825499;0.027398400940001
sort_4;7;0.888807010836899;0.025403347797692;0.444632910192013;0.387499650008976;0.027159858029336
sort_4;7;0.805621432140470;0.025420346762985;0.470528454054147;0.278229327872396;0.027329226024449
sort_4;7;0.701783006079495;0.025882801041007;0.309777631890029;0.334127340000123;0.027864387258887
sort_4;7;0.781914074439555;0.025672741234303;0.304106703028083;0.407377906143665;0.036637324374169
sort_4;7;0.821658938191831;0.013198832981288;0.504171482287347;0.276201849337667;0.027850250713527
sort_4;7;0.823085027746856;0.013383949175477;0.505636090878397;0.276033841073513;0.027791899163276
sort_4;7;0.825867933221161;0.013155799359083;0.508445395156741;0.276205340865999;0.027827342040837
sort_4;4;0.875332285650074;0.022310376167297;0.320238205138594;0.487644323147833;0.045024612918496
sort_4;4;0.869329624343663;0.022688232362270;0.320630430243909;0.480872779153287;0.045025379862636
sort_4;4;0.873125184793025;0.022282024845481;0.325207002926618;0.480472619645298;0.045055889990181
sort_4;4;0.874370197765529;0.022277723997831;0.325790375936776;0.481169599108398;0.045023569837213
sort_4;4;0.877857164945453;0.022270145826042;0.325718207750469;0.484709885902703;0.045044137630612
sort_4;4;0.876839670818299;0.022290888242424;0.326007268857211;0.483401228208095;0.045034175738692
sort_4;4;0.875926051288843;0.022253599949181;0.325645400211215;0.482892689760774;0.045020924881101
sort_4;4;0.874413597397506;0.022222409024835;0.325853959191591;0.481198028195649;0.045024611987174
sort_4;4;0.878513132687658;0.022332657128572;0.326146841980517;0.484894901048392;0.045032870955765
sort_4;4;0.865870769135654;0.022245650179684;0.318251374177635;0.480238988064229;0.045027541927993
sort_4;4;0.883559260983020;0.022508003283292;0.332807526923716;0.483057060744613;0.045082564931363
sort_4;4;0.868337652180344;0.022297319956124;0.319785811938345;0.481105498038232;0.045035365968943
sort_4;4;0.870354331098497;0.022266759071499;0.318219778127968;0.484721017070115;0.045034053735435
sort_4;4;0.871717091649771;0.022306588944048;0.318799342960119;0.485470726154745;0.045038068201393
sort_4;4;0.868299522902817;0.022284714970738;0.319781847763807;0.481089333072305;0.045036792289466
sort_4;4;0.871655350085348;0.022304096724838;0.320023003034294;0.484221265185624;0.044995040632784
sort_4;4;0.876295221969485;0.022304877173156;0.320681794080883;0.488171764649451;0.045026777312160
sort_4;4;0.936424770858139;0.022287548054010;0.316959850955755;0.552042575087398;0.045024566818029
sort_4;4;0.875007478985935;0.022267380729318;0.319077846594155;0.488522726111114;0.045028868131340
sort_4;4;0.867582072969526;0.022304208949208;0.317305172793567;0.482843982055783;0.045017053838819
sort_4;3;1.134705920238048;0.029700415674597;0.403593100141734;0.643333103973418;0.057989346329123
sort_4;3;1.140664232894778;0.029632837977260;0.409009007271379;0.643893581815064;0.058032328728586
sort_4;3;1.140741298906505;0.029632101301104;0.403726032003760;0.649253460112959;0.058030885178596
sort_4;3;1.150069993920624;0.029657084960490;0.408469681162387;0.653836680110544;0.058004504069686
sort_4;3;1.133305162191391;0.029619754292071;0.402647372800857;0.642926864791662;0.058019710239023
sort_4;3;1.144714809022844;0.029678166843951;0.408875960856676;0.648040929809213;0.058019908145070
sort_4;3;1.131089254748076;0.029674316290766;0.403160599991679;0.640159830916673;0.058002572041005
sort_4;3;1.137329247780144;0.029664812609553;0.408057908993214;0.641475338023156;0.058035684749484
sort_4;3;1.143401770852506;0.029663461726159;0.403975209221244;0.651631547138095;0.058029286097735
sort_4;3;1.141617449000478;0.029642025940120;0.407962886150926;0.645880477037281;0.058022199198604
sort_4;3;1.139525556005538;0.029614961706102;0.402126081753522;0.649637553840876;0.058053079992533
sort_4;3;1.143120536115021;0.029702187981457;0.408658881671727;0.646648124326020;0.058007966261357
sort_4;3;1.143078395165503;0.029634310863912;0.408068741206080;0.647268742788583;0.058007030747831
sort_4;3;1.132200574036688;0.029625253751874;0.403944836929440;0.640561286825687;0.057973437011242
sort_4;3;1.138901276048273;0.029621947091073;0.407818587962538;0.643344725947827;0.058007363229990
sort_4;3;1.135026318952441;0.029642421286553;0.407829273026437;0.639448375906795;0.058000772260129
sort_4;3;1.133762001059949;0.029649449978024;0.404962066095322;0.641048458870500;0.057997387833893
sort_4;3;1.141691473312676;0.029673180077225;0.408123078756034;0.645791619084775;0.057990623638034
sort_4;3;1.144649054389447;0.029634090140462;0.408439374994487;0.648450908251107;0.058023805730045
sort_4;3;1.135916315019131;0.029606303200126;0.408536800183356;0.639689561910927;0.057982686907053
sort_4;11;0.340423302724957;0.008281902875751;0.136737000197172;0.177574343979359;0.017552889883518
sort_4;11;0.341277672443539;0.008332031313330;0.136703363154083;0.178377064876258;0.017585509922355
sort_4;11;0.339837664272636;0.008320547174662;0.136895140167326;0.176781815011054;0.017572009935975
sort_4;11;0.341135359834880;0.008336140774190;0.136874797753990;0.178095225710422;0.017568692099303
sort_4;11;0.338811513967812;0.008285076823086;0.136954881250858;0.175729329697788;0.017579243984073
sort_4;11;0.339909327682108;0.008346982300282;0.136679575778544;0.177038227207959;0.017581836786121
sort_4;11;0.340002719312906;0.008322046138346;0.136797626968473;0.177011930849403;0.017599602229893
sort_4;11;0.339490135200322;0.008311458863318;0.136865534819663;0.176453448832035;0.017596108838916
sort_4;11;0.339352265931666;0.008275271859020;0.136785957962275;0.176415026187897;0.017611301969737
sort_4;11;0.341136991046369;0.008333497680724;0.136976928915828;0.177973038051277;0.017591340001673
sort_4;11;0.339858141262084;0.008360592648387;0.137120609171689;0.176542383152992;0.017573018092662
sort_4;11;0.340706990100443;0.008292527869344;0.136972458101809;0.177633443847299;0.017551600933075
sort_4;11;0.338868682272732;0.008314856328070;0.137084040325135;0.175653823651373;0.017564009875059
sort_4;11;0.338771323207766;0.008271208032966;0.136760545894504;0.175894339103252;0.017573304940015
sort_4;11;0.339752995874733;0.008296250831336;0.136867068707943;0.176756707951427;0.017570756375790
sort_4;11;0.340247630141675;0.008266383782029;0.136507434770465;0.177640764974058;0.017570917960256
sort_4;11;0.340406297706068;0.008289898745716;0.137258842121810;0.177043288014829;0.017555667087436
sort_4;11;0.340810497291386;0.008295492269099;0.136660463176668;0.178015438839793;0.017570074182004
sort_4;11;0.341182452160865;0.008327381219715;0.136774611659348;0.178242118563503;0.017575619742274
sort_4;11;0.339338512159884;0.008308383170515;0.136608600150794;0.176585621200502;0.017573005054146
sort_4;9;0.410820733755827;0.010029187891632;0.161063690204173;0.218292974866927;0.021228740923107
sort_4;9;0.409352425020188;0.010022495873272;0.161761892959476;0.216158932074904;0.021198668982834
sort_4;9;0.406771051697433;0.010018290951848;0.161092231981456;0.214261244051158;0.021192158106714
sort_4;9;0.409344993066043;0.010065468959510;0.161304761189967;0.216586177237332;0.021171194035560
sort_4;9;0.408540080301464;0.010017760097980;0.161390514113009;0.215743545908481;0.021179887931794
sort_4;9;0.411833808757365;0.010052474681288;0.163560003042221;0.216837612912059;0.021176235750318
sort_4;9;0.408882831223309;0.010007502976805;0.161529782228172;0.215931158978492;0.021200980059803
sort_4;9;0.407527779228985;0.009962550830096;0.162012069020420;0.214121219702065;0.021212612278759
sort_4;9;0.411312409676611;0.010031355079263;0.161921442952007;0.217923968099058;0.021216839086264
sort_4;9;0.411127063911408;0.010075326077640;0.163769520819187;0.215872756671160;0.021190334111452
sort_4;9;0.407483100891113;0.009986809920520;0.161627141758800;0.214465436991304;0.021188257262111
sort_4;9;0.408917714841664;0.010021412279457;0.161316825076938;0.216152844019234;0.021206167992204
sort_4;9;0.411215089727193;0.010056721046567;0.161861937027425;0.217892678920180;0.021189810708165
sort_4;9;0.412206239998341;0.010031526908278;0.162559603340924;0.218260908965021;0.021143264137208
sort_4;9;0.409788369201124;0.009989613667130;0.161654798779637;0.216754721011966;0.021172887645662
sort_4;9;0.407163788098842;0.010001164861023;0.161811303813010;0.213955552317202;0.021183995995671
sort_4;9;0.409676421899348;0.010017320048064;0.161740153562278;0.216519203037024;0.021185021847486
sort_4;9;0.409187986981124;0.010009114164859;0.161087145097554;0.216696797870100;0.021177127026021
sort_4;9;0.412701089866459;0.010061495006084;0.162724629044533;0.218517699744552;0.021175429224968
sort_4;9;0.410945203155279;0.010042734909803;0.161551274824888;0.217949150130153;0.021184053272009
sort_4;10;0.422428915277123;0.021041786298156;0.184175390750170;0.193955669179559;0.019180159084499
sort_4;10;0.406484546139836;0.034036641940475;0.156379443593323;0.192770575173199;0.019146893173456
sort_4;10;0.476941093802452;0.021194630302489;0.198676629923284;0.233778178691864;0.019161237403750
sort_4;10;0.435755210928619;0.020967089571059;0.198790143243968;0.192742787301540;0.019176071509719
sort_4;10;0.540055627003312;0.033075450919569;0.182027583941817;0.295357099734247;0.021502788178623
sort_4;10;0.390279294922948;0.021750458516181;0.152579199522734;0.192729786038399;0.019145751371980
sort_4;10;0.433001306839287;0.021477178670466;0.195606704801321;0.192636522464454;0.019140472635627
sort_4;10;0.403258683159947;0.021743685938418;0.161586990579963;0.196210402995348;0.019154889509082
sort_4;10;0.485378619283438;0.021362544037402;0.198946139775217;0.241768972948194;0.019162070006132
sort_4;10;0.485599578358233;0.021735327318311;0.201086793094873;0.239525980316103;0.019178842194378
sort_4;10;0.438907656818628;0.021726441569626;0.199714832939208;0.194186489097774;0.019136168994009
sort_4;10;0.392905151471496;0.021597174927592;0.153398727998137;0.194667392410338;0.019153730012476
sort_4;10;0.393531071022153;0.021514348685741;0.153218747116625;0.195547373034060;0.019177882000804
sort_4;10;0.474697783589363;0.020932395011187;0.198691355064511;0.231802468188107;0.019176014699042
sort_4;10;0.392056653276086;0.021091949194670;0.153234223835170;0.194502027705312;0.019155357964337
sort_4;10;0.446951049380004;0.021017592400312;0.197131179273129;0.205516281537712;0.019144446589053
sort_4;10;0.391864402219653;0.021697735413909;0.151313846930861;0.195606898516417;0.019172759726644
sort_4;10;0.435906583443284;0.021422342397273;0.198364178650081;0.192835344932973;0.019145046360791
sort_4;10;0.552700767293572;0.021858165040612;0.195421488955617;0.298392130061984;0.028889668174088
sort_4;10;0.396286225877702;0.021397084929049;0.156220668926835;0.195426912046969;0.019167943857610
sort_4;8;0.468702123034745;0.011248495895416;0.186961520928890;0.246475605759770;0.023809497710317
sort_4;8;0.463536414783448;0.011256522964686;0.183609949890524;0.244707264006138;0.023760385811329
sort_4;8;0.463770477101207;0.011319072917104;0.184181883931160;0.244314422830939;0.023756808601320
sort_4;8;0.461841674987227;0.011210578959435;0.185114433057606;0.241527759004384;0.023784229066223
sort_4;8;0.460937000811100;0.011233509983867;0.184437898918986;0.241260976996273;0.023793755099177
sort_4;8;0.463079062756151;0.011257280129939;0.184501945041120;0.243324040900916;0.023782633244991
sort_4;8;0.461449715308845;0.011264134664088;0.185123483184725;0.241061184089631;0.023796707391739
sort_4;8;0.465121805202216;0.011264190077782;0.184531260747463;0.245313559193164;0.023804691154510
sort_4;8;0.462243559770286;0.011204452253878;0.184394873678684;0.242630624212325;0.023803624324501
sort_4;8;0.462905446998775;0.011251335963607;0.184644020628184;0.242990267928690;0.023813178762794
sort_4;8;0.464260939043015;0.011239625047892;0.184756123926491;0.244257942773402;0.023798282723874
sort_4;8;0.463386138901114;0.011279721278697;0.184659973252565;0.243438162840903;0.023799823131412
sort_4;8;0.465074580162764;0.011257847771049;0.185285166371614;0.244514440651983;0.023799561895430
sort_4;8;0.464681697078049;0.011256664060056;0.185255740769207;0.244166794233024;0.023791994899511
sort_4;8;0.463526740204543;0.011258513201028;0.184452881105244;0.243837793357670;0.023752938956022
sort_4;8;0.463273517321795;0.011255796998739;0.184959149919450;0.243087385781109;0.023764821235090
sort_4;8;0.461480684112757;0.011240014806390;0.183641867712140;0.242586116306484;0.023800878785551
sort_4;8;0.463883044663817;0.011278846766800;0.184984917286783;0.243651973083615;0.023757051210850
sort_4;8;0.462611435912549;0.011262751184404;0.184708280023187;0.242648771964014;0.023786824196577
sort_4;8;0.460260845720768;0.011269019916654;0.184459000360221;0.240538659971207;0.023784738965333
sort_4;12;0.724103179760277;0.034001743886620;0.400295021012425;0.248445416800678;0.020022125914693
sort_4;12;0.717525237705559;0.034001852851361;0.384867462329566;0.254289483185858;0.023066556081176
sort_4;12;0.628477700054646;0.019472640939057;0.402570887934417;0.172595159150660;0.016720300074667
sort_4;12;0.640259461943060;0.031893618870527;0.424808763898909;0.163008648902178;0.016335551626980
sort_4;12;0.647274828981608;0.030999777838588;0.272260013036430;0.305938716046512;0.016870219726115
sort_4;12;0.466253106947988;0.008453472983092;0.277619888074696;0.163364926818758;0.016401333268732
sort_4;12;0.594851013738662;0.032307683955878;0.378256525844336;0.163757655303925;0.016315184067935
sort_4;12;0.723512106109411;0.010249375831336;0.428865151945502;0.257085761986673;0.006719113793224
sort_4;12;0.595300047192723;0.023997765034437;0.362917926628143;0.174597845878452;0.016640166286379
sort_4;12;0.684560003690422;0.019687604159117;0.369534168858081;0.250598265789449;0.024128892924637
sort_4;12;0.659140920732170;0.031665198970586;0.444864104967564;0.162034271284938;0.016352411825210
sort_4;12;0.693733877968043;0.019481190945953;0.387976689264178;0.246413169894367;0.018984309863299
sort_4;12;0.737244473304600;0.019725062884390;0.373179460875690;0.301809021271765;0.022022259887308
sort_4;12;0.581326689105481;0.027001672890037;0.356293612625450;0.163965117651969;0.016714396886528
sort_4;12;0.646392724942416;0.018319212365896;0.432386273052543;0.161835468839854;0.016682652290910
sort_4;12;0.674027715809643;0.019585570320487;0.358661536127329;0.261977706104517;0.017164589837193
sort_4;12;0.710296276025474;0.033998927101493;0.379774460103363;0.251418562605977;0.024124344345182
sort_4;12;0.703425426967442;0.019660606980324;0.357407052069902;0.284699180163443;0.021044519264251
sort_4;12;0.731461353134364;0.019452922046185;0.384119678288698;0.296490742824972;0.014589698985219
sort_4;12;0.682768066879362;0.019160301890224;0.382308742031455;0.247899105306715;0.025152886286378
sort_4;16;0.331166442949325;0.015343059785664;0.138817108236253;0.160470977891237;0.012275248765945
sort_4;16;0.267365334089845;0.015325506217778;0.113251556176692;0.122316793072969;0.012282125186175
sort_4;16;0.271450093016028;0.015369332861155;0.117732585407794;0.121789111290127;0.012285512406379
sort_4;16;0.299133352003992;0.015332194045186;0.120608302298933;0.146605945192277;0.012296872679144
sort_4;16;0.259938332717866;0.015318718273193;0.104910893365741;0.123152658808976;0.012275303713977
sort_4;16;0.252179726026952;0.015305841341615;0.098254869692028;0.122075154911727;0.012272241059691
sort_4;16;0.274243136867881;0.015341076999903;0.121331872418523;0.121026752050966;0.012279083952308
sort_4;16;0.271760001312941;0.015314264222980;0.119222002103925;0.120637089014053;0.012312315870076
sort_4;16;0.254769917111844;0.015293261967599;0.100898602977395;0.122035736683756;0.012295226100832
sort_4;16;0.259125351905823;0.015299064107239;0.104741813149303;0.122529768850654;0.012271625921130
sort_4;16;0.252723968587816;0.015300697181374;0.098671380896121;0.122212401591241;0.012288644444197
sort_4;16;0.271634642034769;0.015361701603979;0.116624129004776;0.123060037847608;0.012300931848586
sort_4;16;0.254477583803236;0.015341400168836;0.101041832938790;0.121478679124266;0.012327554635704
sort_4;16;0.277021904941648;0.015388422645628;0.122160771861672;0.122940000146627;0.012293725740165
sort_4;16;0.254590466152877;0.015306040644646;0.100858222227544;0.121971052139997;0.012293721083552
sort_4;16;0.252880980726331;0.015295874327421;0.100298305042088;0.120719176251441;0.012286996003240
sort_4;16;0.284770044032484;0.015298442915082;0.131980221252888;0.120906663127244;0.012299871072173
sort_4;16;0.270580907352269;0.015329256188124;0.116318139713258;0.122360277920961;0.012287690304220
sort_4;16;0.272493917960674;0.015340818092227;0.119534287136048;0.121173579245806;0.012284494005144
sort_4;16;0.264207547996193;0.015272859018296;0.109995614737272;0.122495895251632;0.012286503333598
sort_4;13;0.294632223900408;0.006997401826084;0.121236138045788;0.151166805997491;0.014919303823262
sort_4;13;0.292174993082881;0.006973377894610;0.121120392344892;0.148830289021134;0.014941297005862
sort_4;13;0.293579940218478;0.006973112002015;0.121024019084871;0.150349610019475;0.014926307834685
sort_4;13;0.292664647102356;0.006987052038312;0.120364946313202;0.150064785964787;0.014930095989257
sort_4;13;0.293819096870720;0.006995012052357;0.120897051878273;0.150695677846670;0.014917086809874
sort_4;13;0.293192954268306;0.006989564746618;0.120947649236768;0.150037708226591;0.014911505859345
sort_4;13;0.292664490174502;0.006939426064491;0.120464036706835;0.150018418207765;0.014930012635887
sort_4;13;0.293399096000940;0.007008407264948;0.121221236884594;0.149933950044215;0.014923498034477
sort_4;13;0.296595623716712;0.006974198855460;0.121296300087124;0.149054239038378;0.014939798042178
sort_4;13;0.292015101294965;0.007007380016148;0.121073233895004;0.148681608028710;0.014937981963158
sort_4;13;0.294692586641759;0.007033156231046;0.121550065930933;0.150863553863019;0.014940234832466
sort_4;13;0.294190694112331;0.006944241002202;0.121361538767815;0.150636906735599;0.014938588254154
sort_4;13;0.293529046233743;0.007031418383121;0.121459810063243;0.149797959253192;0.014932594262064
sort_4;13;0.291906803846359;0.006979653146118;0.121081643272191;0.148608355782926;0.014922094997019
sort_4;13;0.294589363038540;0.006997983902693;0.121468233875930;0.150887272786349;0.014924384653568
sort_4;13;0.294578806962818;0.007955478038639;0.121316096279770;0.150057680439204;0.014933611266315
sort_4;13;0.293044218327850;0.007015787996352;0.121259129140526;0.149529397021979;0.014930911362171
sort_4;13;0.292213079053909;0.006948901806027;0.121292185038328;0.148731791879982;0.014925059396774
sort_4;13;0.292807410005480;0.007024711929262;0.121395906899124;0.149149176198989;0.014923410955817
sort_4;13;0.296160353813320;0.006972901057452;0.122210445813835;0.151745788753033;0.014919295907021
sort_4;14;0.290036492981017;0.016771271359175;0.110701519995928;0.140529474243522;0.013883792795241
sort_4;14;0.325064150150865;0.016794546041638;0.151770776603371;0.138404839206487;0.013882182072848
sort_4;14;0.332488110754639;0.016781475860626;0.157495913095772;0.140095263719559;0.013899502344429
sort_4;14;0.284889059606940;0.016842925921082;0.111951293889433;0.138020812999457;0.013895210810006
sort_4;14;0.325796843972057;0.016791497357190;0.151072002947330;0.139859013259411;0.013893080875278
sort_4;14;0.333508654031903;0.016784409061074;0.157977391965687;0.140633355826139;0.013884961605072
sort_4;14;0.392119754571468;0.016801743768156;0.179411659948528;0.175677086226642;0.013864368200302
sort_4;14;0.328777821734548;0.016824258025736;0.154698541853577;0.139197218697518;0.013870651833713
sort_4;14;0.319330330006778;0.016820849385113;0.144927849993110;0.139510782901198;0.013888033572584
sort_4;14;0.326973156072199;0.016815160866827;0.153923427220434;0.138142449315637;0.013863934203982
sort_4;14;0.299345938023180;0.016775285359472;0.124999297782779;0.139497600030154;0.013888529036194
sort_4;14;0.298353977967054;0.029535261914134;0.112548577599227;0.138216606806964;0.013842972926795
sort_4;14;0.282181655056775;0.016773385927081;0.108955698087811;0.138379802927375;0.013883960898966
sort_4;14;0.283204048406333;0.016766995191574;0.108605105895549;0.139769992791116;0.013876045588404
sort_4;14;0.284210000652820;0.016807043924928;0.111123165115714;0.138211218174547;0.013888572808355
sort_4;14;0.300329544115812;0.016809681896120;0.126117346342653;0.139424722641706;0.013857570942491
sort_4;14;0.342893348075449;0.016831083223224;0.167475041933358;0.140487787779421;0.013864531181753
sort_4;14;0.319446219131351;0.016806724015623;0.144448962062597;0.140103306621313;0.013863405212760
sort_4;14;0.332259588874876;0.022264657076448;0.148669796995819;0.139198123943061;0.013883314095438
sort_4;14;0.376465836074203;0.017043523024768;0.198440907988697;0.138855440076441;0.013870464172214
sort_4;15;0.305078495293856;0.015981934033334;0.141920113936067;0.129987402819097;0.012996877543628
sort_4;15;0.330248619429767;0.022276041097939;0.157991055399179;0.128830546513200;0.012955885380507
sort_4;15;0.251650054939091;0.006075277924538;0.102273608557880;0.129005506634712;0.013010216876864
sort_4;15;0.366196937859058;0.024912936612964;0.187116548418999;0.133011058904231;0.012965455651283
sort_4;15;0.436729109846056;0.018341070972383;0.180290101096034;0.205936230719090;0.019985025748610
sort_4;15;0.416291204281151;0.015951722860336;0.162784761749208;0.208814964629710;0.020544691942632
sort_4;15;0.327977003529668;0.021588166244328;0.158973559737206;0.130259568803012;0.012964028865099
sort_4;15;0.317884427495301;0.018291434273124;0.148881023749709;0.129575395956635;0.012946015223861
sort_4;15;0.292558507993817;0.028118296526372;0.116986985318363;0.130319290794432;0.012952551245689
sort_4;15;0.313044389709830;0.015987552702427;0.150859809480608;0.129012388177216;0.012980112805963
sort_4;15;0.321464772336185;0.024027260020375;0.147370381280780;0.129037565551698;0.012933718040586
sort_4;15;0.301974402740598;0.015939709730446;0.135836141183972;0.129005091264844;0.012982306070626
sort_4;15;0.420948955230415;0.024939749389887;0.162613865919411;0.203816854394972;0.017381404526532
sort_4;15;0.369955559261143;0.022754759527743;0.176720228977501;0.149418511427939;0.012955391779542
sort_4;15;0.337758677080274;0.015963114798069;0.174417521804571;0.130042601376772;0.012979350984097
sort_4;15;0.326248133555055;0.023951496928930;0.151877521537244;0.129001141525805;0.013211291283369
sort_4;15;0.345885393209755;0.015951931476593;0.181499224156141;0.129801273345947;0.012971305288374
sort_4;15;0.395756800659001;0.015934541821480;0.155793596059084;0.200417167507112;0.015378982760012
sort_4;15;0.265852428041399;0.015917778015137;0.102443517185748;0.129789271391928;0.012991786003113
sort_4;15;0.356316127814353;0.015926872380078;0.155574152246118;0.167678010649979;0.012941652908921
