sort_2;5;35000;1.217734413221478;0.017863464541733;0.354118953458965;0.320363610051572;0.525163049809635
sort_2;5;35000;1.211775600910187;0.017857636325061;0.349642014130950;0.319513509050012;0.524589410051703
sort_2;5;35000;1.211189595051110;0.017907860688865;0.347599369473755;0.321355950087309;0.524153423495591
sort_2;5;35000;1.209159542806447;0.017922009341419;0.346400181762874;0.320361526682973;0.524227012880147
sort_2;5;35000;1.207477481104434;0.017948650754988;0.345343387685716;0.320229774340987;0.523720597848296
sort_2;5;35000;1.202956710010767;0.017866699956357;0.341826183721423;0.318617315031588;0.524454298429191
sort_2;5;35000;1.204073905013502;0.017863002605736;0.343619273975492;0.318724656477571;0.523680152371526
sort_2;5;35000;1.204419864341617;0.017917577177286;0.344678411260247;0.317646950483322;0.523961134254932
sort_2;5;35000;1.239657688885927;0.017890922725201;0.344267808832228;0.353940214030445;0.523340912535787
sort_2;5;35000;1.203215070068836;0.017885746434331;0.341938906349242;0.319069437682629;0.524100206792355
sort_2;5;35000;1.204068860970438;0.017924364656210;0.343188030645251;0.318930118344724;0.523833462037146
sort_2;5;35000;1.201381576247513;0.017915049567819;0.341630112379789;0.318441185168922;0.523168916814029
sort_2;5;35000;1.200635748915374;0.017912436276674;0.340811005793512;0.318130815401673;0.523556073196232
sort_2;5;35000;1.206478749401867;0.017873974516988;0.342599472962320;0.321756890043616;0.524024284444749
sort_2;5;35000;1.207385863177478;0.017891842871904;0.342177006416023;0.323095237836242;0.523991340771317
sort_2;5;35000;1.207593513652682;0.017950084991753;0.342701218090951;0.322607567533851;0.524096061475575
sort_2;5;35000;1.198838341981173;0.017884642817080;0.339227291755378;0.318189602345228;0.523338203318417
sort_2;5;35000;1.209655256941915;0.017981908284128;0.345240169204772;0.322380570694804;0.523855228908360
sort_2;5;35000;1.206911458633840;0.017901128157973;0.343254541046917;0.321477958932519;0.524065341800451
sort_2;5;35000;1.212636245414615;0.018063981086016;0.344279344193637;0.325877824798226;0.524197268299758
sort_2;6;42000;1.226448361761868;0.014965679496527;0.317410052753985;0.258715449832380;0.635185775347054
sort_2;6;42000;1.224573669023812;0.014920771121979;0.316887762397528;0.257598426192999;0.635006798431277
sort_2;6;42000;1.226782660931349;0.014947647228837;0.319527718238533;0.257589340209961;0.634550947695971
sort_2;6;42000;1.229822951368988;0.014886914752424;0.320530330762267;0.259324807673693;0.634916379116476
sort_2;6;42000;1.217794246971607;0.014880644157529;0.310676623135805;0.258391750045121;0.633680141530931
sort_2;6;42000;1.228223081678152;0.014907946810126;0.317913223057985;0.260247023776174;0.635000238195062
sort_2;6;42000;1.238220296800137;0.014936714433134;0.330111127346754;0.258526969701052;0.634488238021731
sort_2;6;42000;1.236502977088094;0.014953684993088;0.324884762987494;0.261837815865874;0.634662789292634
sort_2;6;42000;1.229179597459733;0.014907633885741;0.319482860155404;0.260152025148273;0.634480841457844
sort_2;6;42000;1.230629527010024;0.014911036007106;0.319321336224675;0.261166772805154;0.635070047341287
sort_2;6;42000;1.223217871971428;0.014931812882423;0.315971716307104;0.257115394808352;0.635033985599875
sort_2;6;42000;1.221858966164291;0.014904325827956;0.314539978280663;0.258386805653572;0.633874004706740
sort_2;6;42000;1.227893261238933;0.014927917160094;0.318129242397845;0.261066894978285;0.633614102378488
sort_2;6;42000;1.217859582044184;0.014850263483822;0.309548266232014;0.259274907410145;0.634026897139847
sort_2;6;42000;1.223180836997926;0.014947009272873;0.316252180375159;0.257449228316545;0.634374395012856
sort_2;6;42000;1.221429613418877;0.014927623793483;0.315609783865511;0.256597252562642;0.634131982922554
sort_2;6;42000;1.220691498368979;0.014857827685773;0.313260243274271;0.257821974344552;0.634588977321982
sort_2;6;42000;1.233013004995883;0.014906884171069;0.323385940864682;0.259617926552892;0.634946051985025
sort_2;6;42000;1.220101633109152;0.014931125566363;0.311650553718209;0.259852484799922;0.633504214696586
sort_2;6;42000;1.233023417182267;0.014883545227349;0.325954416766763;0.258138064295053;0.633880319073796
sort_2;4;28000;1.324879526160657;0.022351148538291;0.458099006675184;0.418850727379322;0.425446590408683
sort_2;4;28000;1.339416820555925;0.022593678906560;0.475421234034002;0.414944965392351;0.426276573911309
sort_2;4;28000;1.348565025255084;0.022609905339777;0.476883379742503;0.419737285934389;0.429105847142637
sort_2;4;28000;1.365457829087973;0.022654048167169;0.494561810977757;0.417939666658640;0.430099793709815
sort_2;4;28000;1.370035488158464;0.022622043266892;0.500456266105175;0.416252845898271;0.430498152971268
sort_2;4;28000;1.365434227511287;0.022598510608077;0.498654507100582;0.418900055810809;0.425065257586539
sort_2;4;28000;1.338589985854924;0.022691919468343;0.473748849704862;0.418572373688221;0.423398161306977
sort_2;4;28000;1.347026661969721;0.022659378126264;0.482174587436020;0.416949439793825;0.425057580694556
sort_2;4;28000;1.345623226836324;0.022635837085545;0.483341077342629;0.413116810843349;0.425892669707537
sort_2;4;28000;1.353494081646204;0.022698104381561;0.484823931939900;0.416693977080286;0.429099014028907
sort_2;4;28000;1.355208776891232;0.022619985975325;0.489830098114908;0.413500052876770;0.429046168923378
sort_2;4;28000;1.300869032740593;0.022571168839931;0.452558191493154;0.411162972450256;0.414365637116134
sort_2;4;28000;1.282397234812379;0.022266157902777;0.428259234875441;0.416995328851044;0.414747037924826
sort_2;4;28000;1.296681090258062;0.022332002408803;0.445028267800808;0.414425387978554;0.414755340665579
sort_2;4;28000;1.284514611586928;0.022285853512585;0.432021456770599;0.412776004523039;0.417300450615585
sort_2;4;28000;1.337677386589348;0.022621002979577;0.472315445542336;0.414788117632270;0.427771762013435
sort_2;4;28000;1.362412338145077;0.022671313025057;0.492293653078377;0.417673802003264;0.429594749584794
sort_2;4;28000;1.355531922541559;0.022615131922066;0.492875652387738;0.416563911363482;0.423251074738801
sort_2;4;28000;1.331194748170674;0.022789836861193;0.470340612344444;0.414766188710928;0.423134128563106
sort_2;4;28000;1.336192620918155;0.022591800428927;0.469837101176381;0.420405522920191;0.423177562654018
sort_2;3;21000;1.442073386162519;0.029672390781343;0.544201807118952;0.567889749072492;0.300192171707749
sort_2;3;21000;1.443191817030311;0.029571398161352;0.542499264702201;0.570378412492573;0.300602938048542
sort_2;3;21000;1.952727928757668;0.030130121856928;1.046915994957089;0.573643524199724;0.301908412948251
sort_2;3;21000;1.940488876774907;0.030302434228361;1.026480514556170;0.582934651523829;0.300654417835176
sort_2;3;21000;1.452790006995201;0.029667910188437;0.546846166253090;0.574824479408562;0.301331286318600
sort_2;3;21000;2.129240777343512;0.031418398022652;1.215679377317429;0.579803520813584;0.302184865809977
sort_2;3;21000;1.974429304711521;0.030375152826309;1.062253198586404;0.577344147488475;0.304319739341736
sort_2;3;21000;1.447738005779684;0.029803829267621;0.541306779719889;0.575279681943357;0.301218937151134
sort_2;3;21000;1.474722005426884;0.029722859151661;0.565890853293240;0.578139096498489;0.300816117785871
sort_2;3;21000;2.063567698001862;0.030639146454632;1.135695966891944;0.577837702818215;0.319229418411851
sort_2;3;21000;1.453993871808052;0.029708201996982;0.551566164940596;0.571988289244473;0.300558871589601
sort_2;3;21000;1.439671903848648;0.029651544988155;0.543049377389252;0.566620694473386;0.300218309275806
sort_2;3;21000;1.438124239444733;0.029579570516944;0.535991152748466;0.569880038499832;0.302561891265213
sort_2;3;21000;1.451366291381419;0.030119091272354;0.543931205756962;0.576854083687067;0.300339485518634
sort_2;3;21000;1.443453002721071;0.029613254591823;0.543351858854294;0.570254103280604;0.300110462121665
sort_2;3;21000;1.459642130881548;0.029917320236564;0.548605584539473;0.579746144823730;0.301236861385405
sort_2;3;21000;1.447053412906826;0.029607824981213;0.544639351777732;0.572014877572656;0.300631880760193
sort_2;3;21000;2.184093134477735;0.030575644224882;1.262644270434976;0.570090208202600;0.320614033378661
sort_2;3;21000;1.446718513965607;0.029632453806698;0.539686370640993;0.576222945936024;0.301044140942395
sort_2;3;21000;1.451917677186430;0.029593098908663;0.552924462594092;0.568170720711350;0.301083507016301
sort_2;2;14000;2.024563193321228;0.044967999681830;0.886624410748482;0.893141705542803;0.199736667796969
sort_2;2;14000;2.158773333765566;0.045127922669053;1.003463384695351;0.911919868551195;0.198162994347513
sort_2;2;14000;1.954752882011235;0.044963860884309;0.825177146121860;0.889183491468430;0.195331831462681
sort_2;2;14000;1.851144295185804;0.044289470650256;0.716851814649999;0.894636220298707;0.195281027816236
sort_2;2;14000;1.847380361519754;0.044269417412579;0.722391230054200;0.885306342504919;0.195323437452316
sort_2;2;14000;1.851462779566646;0.044278320856392;0.721235253848135;0.890583064407110;0.195278405211866
sort_2;2;14000;1.849856481887400;0.044232774525881;0.721596477553248;0.888213055208325;0.195732216350734
sort_2;2;14000;2.116587210446596;0.044539012946188;0.977034909650683;0.896415203809738;0.198508014902472
sort_2;2;14000;2.026096041314304;0.044988175854087;0.890459409914911;0.894341838546097;0.196219289675355
sort_2;2;14000;2.214461425319314;0.044558172114193;1.076250763610005;0.895187218673527;0.198369211517274
sort_2;2;14000;2.009030620567501;0.044942677952349;0.875058647245169;0.893566033802927;0.195365055464208
sort_2;2;14000;1.835916639305651;0.044285772368312;0.706146933138371;0.890024862252176;0.195373769849539
sort_2;2;14000;1.846572033129632;0.044271985068917;0.715603437274694;0.891343426890671;0.195268254727125
sort_2;2;14000;1.840352870523930;0.044282125309110;0.709372004494071;0.891261568292975;0.195351814851165
sort_2;2;14000;1.844551969319582;0.044277075678110;0.713867939077318;0.890772651880980;0.195543015375733
sort_2;2;14000;1.959199695847929;0.044427174143493;0.812171938829124;0.903781870380044;0.198734929785132
sort_2;2;14000;2.044183860532939;0.044951433315873;0.911641540005803;0.892127363011241;0.195365926250815
sort_2;2;14000;2.082848446443677;0.044635473750532;0.940559445880353;0.899109642952681;0.198451495729387
sort_2;2;14000;2.038393737748265;0.044960153289139;0.903320447541773;0.894734453409910;0.195288332179189
sort_2;2;14000;1.846123558469117;0.044213229790330;0.715240941382945;0.891265067271888;0.195316824130714
sort_2;1;7000;2.850409657694399;0.088118002749979;0.675703213550150;1.979859071783721;0.106719291768968
sort_2;1;7000;2.827042384073138;0.087968631647527;0.670039048418403;1.962325270287693;0.106697601266205
sort_2;1;7000;2.864598131738603;0.088034485466778;0.670509209856391;1.998622342012823;0.107419637963176
sort_2;1;7000;2.858805127441883;0.088696542195976;0.683798499405384;1.979359791614115;0.106934881769121
sort_2;1;7000;2.853425997309387;0.088323661126196;0.675162431783974;1.982793549075723;0.107132299803197
sort_2;1;7000;2.862951398827136;0.088410682976246;0.679544431157410;1.987983030267060;0.107000938616693
sort_2;1;7000;2.829761169850826;0.088330186903477;0.670833952724934;1.963843378238380;0.106742399744689
sort_2;1;7000;2.814852107316256;0.088114865124226;0.658681610599160;1.961313421837986;0.106730940751731
sort_2;1;7000;2.859264828264713;0.088223144412041;0.682858997024596;1.981296440586448;0.106876024976373
sort_2;1;7000;2.850096878595650;0.088229788467288;0.680222067050636;1.974627735093236;0.107003536075354
sort_2;1;7000;2.841471758671105;0.088377085514367;0.675717636011541;1.968913681805134;0.108448489569128
sort_2;1;7000;2.877453546971083;0.089659728109837;0.698778077960014;1.982028516940773;0.106973069719970
sort_2;1;7000;2.836391700431705;0.088277369737625;0.670466516166925;1.970892874523997;0.106741483323276
sort_2;1;7000;2.829857312142849;0.088181197643280;0.672477349638939;1.962471576407552;0.106717013753951
sort_2;1;7000;2.832376313395798;0.088104993104935;0.660157408565283;1.977326766587794;0.106778468005359
sort_2;1;7000;2.852419340983033;0.088228516280651;0.671231228858232;1.984480287879705;0.108467024751008
sort_2;1;7000;2.855456124059856;0.089006704278290;0.679290555417538;1.980227068997920;0.106915933080018
sort_2;1;7000;2.877206865698099;0.088338243775070;0.675091455690563;2.006661731749773;0.107100352644920
sort_2;1;7000;2.857526812702417;0.088375176303089;0.679509885609150;1.982728254050016;0.106897979974747
sort_2;1;7000;2.823414538986981;0.088270033709705;0.666646687313914;1.961817823350430;0.106666810810566
sort_2;7;49000;1.249005890451372;0.012906259857118;0.273201671428978;0.217577978037298;0.745096405036747
sort_2;7;49000;1.263408365659416;0.012853618711233;0.277625292539597;0.228873123414814;0.743862745352089
sort_2;7;49000;1.250908301211894;0.012837945483625;0.275669433176517;0.216467487625778;0.745738571509719
sort_2;7;49000;1.254790675826371;0.012918274849653;0.275195596739650;0.219032336957753;0.747423171997070
sort_2;7;49000;1.249575918540359;0.012828748673201;0.273289242759347;0.217694950290024;0.745547317899764
sort_2;7;49000;1.255671863444149;0.012895000167191;0.277835920453072;0.217637196183205;0.747070455923676
sort_2;7;49000;1.251467358320951;0.012880860827863;0.273439487442374;0.217762203887105;0.747134025208652
sort_2;7;49000;1.240858064964414;0.013637354597449;0.261622358113527;0.220255726017058;0.745129798538983
sort_2;7;49000;1.235751039348543;0.012834533117712;0.259865088388324;0.217681111767888;0.745116658508778
sort_2;7;49000;1.239114955998957;0.012847661972046;0.264064214192331;0.217385621741414;0.744597937911749
sort_2;7;49000;1.255325899459422;0.012808592058718;0.274967210367322;0.219400390051305;0.747925849631429
sort_2;7;49000;1.246862129308283;0.012806583195925;0.270571544766426;0.217654470354319;0.745589171536267
sort_2;7;49000;1.240989818237722;0.012847237288952;0.266028702259064;0.217793364077806;0.744084835983813
sort_2;7;49000;1.248434443958104;0.012797506526113;0.275820532813668;0.215958617627621;0.743648814037442
sort_2;7;49000;1.254009961150587;0.012793143279850;0.281532605178654;0.216064665466547;0.743415275588632
sort_2;7;49000;1.252548086456954;0.012855816632509;0.276563430204988;0.216035682708025;0.746898695826530
sort_2;7;49000;1.244120365008712;0.012836784124374;0.266079851426184;0.219291689805686;0.745692172087729
sort_2;7;49000;1.251737217418849;0.012846335768700;0.273046866059303;0.219696638174355;0.745929563418031
sort_2;7;49000;1.253190236166120;0.012876256369054;0.275642916560173;0.215798424556851;0.748675831593573
sort_2;7;49000;1.237675473093987;0.012927412055433;0.260627295821905;0.218358309008181;0.745538060553372
sort_2;9;63000;1.363974038511515;0.010072181001306;0.220239159651101;0.163443426601589;0.969978840090334
sort_2;9;63000;1.364898527041078;0.010092365555465;0.217371705919504;0.167060846462846;0.970143171958625
sort_2;9;63000;1.357282789424062;0.010118610225618;0.216621699742973;0.161169386468828;0.969124918803573
sort_2;9;63000;1.359666848555207;0.010201524943113;0.217008556239307;0.162913720123470;0.969275409355760
sort_2;9;63000;1.353937203995883;0.010153118520975;0.213014116510749;0.161320039071143;0.969176251441240
sort_2;9;63000;1.361102375201881;0.010153539478779;0.220035620965064;0.161205710843205;0.969458051025867
sort_2;9;63000;1.367292643524706;0.010141083970666;0.224686233326793;0.162573251873255;0.969635090790689
sort_2;9;63000;1.364999405108392;0.010117146186531;0.222345104441047;0.161460386589170;0.970791510306299
sort_2;9;63000;1.352966618724167;0.010102924890816;0.211687935516238;0.161527694202960;0.969387330114841
sort_2;9;63000;1.362580426037312;0.010143131949008;0.220341104082763;0.162859500385821;0.968986503779888
sort_2;9;63000;1.363464019261301;0.010117996484041;0.222698654048145;0.160960100591183;0.969438058324158
sort_2;9;63000;1.360975892283022;0.010153199546039;0.219210558570921;0.162296404130757;0.969076459296048
sort_2;9;63000;1.366961404681206;0.010154983028769;0.224499688483775;0.163049123249948;0.968992401845753
sort_2;9;63000;1.365034773014486;0.010143933817744;0.222136768512428;0.161934623494744;0.970566853880882
sort_2;9;63000;1.367286010645330;0.010146587155759;0.222294596023858;0.164970383048058;0.969646824523807
sort_2;9;63000;1.358174940571189;0.010142643004656;0.215787352062762;0.163121905177832;0.968892253004014
sort_2;9;63000;1.364351005293429;0.010183122940361;0.220176327042282;0.161284476518631;0.972484415397048
sort_2;9;63000;1.358648709952831;0.010170299559832;0.216452755033970;0.162441164255142;0.969349095597863
sort_2;9;63000;1.367859859019518;0.010087668895721;0.225765273906291;0.161928934976459;0.969850027933717
sort_2;9;63000;1.365287647582591;0.010117198340595;0.224529900588095;0.161349573172629;0.969051007181406
sort_2;10;70000;1.439729568548501;0.009143764153123;0.205180465243757;0.143102999776602;1.082006465643644
sort_2;10;70000;1.449103562161326;0.009201640263200;0.210502854548395;0.144187938421965;1.084956229664385
sort_2;10;70000;1.442430986091495;0.009180876426399;0.204392770305276;0.147151450626552;1.081453015096486
sort_2;10;70000;1.448174971155822;0.009165576659143;0.209035934880376;0.144956491887569;1.084782609716058
sort_2;10;70000;1.436908610165119;0.009149651974440;0.199395127594471;0.144526639953256;1.083551867865026
sort_2;10;70000;1.454380412586033;0.009155629202724;0.214578143320978;0.144724913872778;1.085295704193413
sort_2;10;70000;1.442036258056760;0.009159077890217;0.204254386015236;0.144634043797851;1.083749291487038
sort_2;10;70000;1.444516870193183;0.009176979772747;0.207891498692334;0.144102542661130;1.083090982399881
sort_2;10;70000;1.452474877238274;0.009164900518954;0.214366469532251;0.143271314911544;1.085394741035998
sort_2;10;70000;1.445598853752017;0.009149510413408;0.206494661979377;0.146526216529310;1.083197828382254
sort_2;10;70000;1.441434958949685;0.009183559566736;0.205277767963707;0.144232180900872;1.082495797425508
sort_2;10;70000;1.460713428445160;0.009193996898830;0.216732800006866;0.147157560102642;1.087380986660719
sort_2;10;70000;1.443174694664776;0.009156442247331;0.206778090447187;0.143890751525760;1.083118990994990
sort_2;10;70000;1.443933745846152;0.009184082038701;0.207868010737002;0.143571474589407;1.083074372261763
sort_2;10;70000;1.451216162182391;0.009165426716208;0.214714976958930;0.144597952254117;1.082478984259069
sort_2;10;70000;1.445177115499973;0.009166916832328;0.206833156757057;0.143864008598030;1.085065085440874
sort_2;10;70000;1.444272827357054;0.009176637977362;0.207270616665483;0.143618171103299;1.083972788415849
sort_2;10;70000;1.455662500113249;0.009195117279887;0.215200489386916;0.146796195767820;1.084227759391069
sort_2;10;70000;1.444144465960562;0.009218386374414;0.206804168410599;0.144050592556596;1.083826667629182
sort_2;10;70000;1.449676117859781;0.009153775870800;0.212500985711813;0.144943906925619;1.082836104556918
sort_2;8;56000;1.483494125306606;0.011538580991328;0.422143614850938;0.186509496532381;0.863068697042763
sort_2;8;56000;1.500043987296522;0.011663125827909;0.443729206919670;0.184742155484855;0.859677521511912
sort_2;8;56000;1.513521017506719;0.012765263207257;0.442408314906061;0.190239788033068;0.867875626310706
sort_2;8;56000;1.503471856936812;0.012146225199103;0.437102483585477;0.188000412657857;0.865994918160141
sort_2;8;56000;1.497441075742245;0.011537959799170;0.436343758367002;0.187733771279454;0.861579618416727
sort_2;8;56000;1.456736166961491;0.011506821028888;0.400780166499317;0.186613859608769;0.857593642547727
sort_2;8;56000;1.457087575457990;0.011392123065889;0.398754478432238;0.185704745352268;0.861003421247005
sort_2;8;56000;1.456359886564314;0.011383119039237;0.399017307907343;0.186831589788198;0.858906696550548
sort_2;8;56000;1.455827534198761;0.011534648947418;0.396882665343583;0.185881705954671;0.861301084980369
sort_2;8;56000;1.456924988888204;0.011473374441266;0.398879083804786;0.188091873191297;0.858256182633340
sort_2;8;56000;1.454392729327083;0.011460753157735;0.398594940081239;0.185797332786024;0.858311447314918
sort_2;8;56000;1.453350306488574;0.011573550291359;0.397016745060682;0.185529741458595;0.858998158946633
sort_2;8;56000;1.457485937513411;0.011621818877757;0.398613107390702;0.185431029647589;0.861590298824012
sort_2;8;56000;1.457712067291141;0.011480372399092;0.400205488316715;0.186477927491069;0.859309703111649
sort_2;8;56000;1.454107511788607;0.011511422693729;0.398079070262611;0.185011022724211;0.859271557070315
sort_2;8;56000;1.455264424905181;0.011581732891500;0.398472984321415;0.186445483937860;0.858525630086660
sort_2;8;56000;1.456122748553753;0.011514522135258;0.398564796894789;0.187424829229712;0.858384812250733
sort_2;8;56000;1.457166500389576;0.011550781317055;0.399565175175667;0.187580634839833;0.858222407288849
sort_2;8;56000;1.457423822022974;0.011543981730938;0.399014285765588;0.186917436309159;0.859703775495291
sort_2;8;56000;1.444279710762203;0.011410532519221;0.386499198153615;0.187914852984250;0.858214922249317
sort_2;11;77000;1.671893274411559;0.008424726314843;0.318275782279670;0.130257785320282;1.214617060497403
sort_2;11;77000;1.695785908959806;0.008508817292750;0.317665465176105;0.130698289722204;1.238609719090164
sort_2;11;77000;1.651260043494403;0.008472184650600;0.301499474793673;0.130133491940796;1.210752841085196
sort_2;11;77000;1.620769711211324;0.008412677794695;0.280936826951802;0.128703082911670;1.202415765263140
sort_2;11;77000;1.757749364711344;0.020682541653514;0.404840658418834;0.128899742849171;1.199099463410676
sort_2;11;77000;1.606347059831023;0.008393285796046;0.268570749089122;0.129056286066771;1.200001940131187
sort_2;11;77000;1.611870568245649;0.008428955450654;0.274042275734246;0.128874340094626;1.200219619087875
sort_2;11;77000;1.696266767568886;0.020580943673849;0.346068350598216;0.128313633613288;1.197159794159234
sort_2;11;77000;1.672560858540237;0.020388448610902;0.321427723392844;0.129408307373524;1.197209111414850
sort_2;11;77000;1.694998770020902;0.020364727824926;0.345119890756905;0.128236452117562;1.197147089987993
sort_2;11;77000;1.698729014024138;0.020387792959809;0.345957810990512;0.129162149503827;1.199091298505664
sort_2;11;77000;1.672286749817431;0.020349305123091;0.322857016697526;0.128622179850936;1.196332176215947
sort_2;11;77000;1.676436853595078;0.020364937372506;0.323439062573016;0.128954760730267;1.199558841064572
sort_2;11;77000;1.673542029224336;0.020423323847353;0.322727227583528;0.129497848451138;1.196769041009247
sort_2;11;77000;1.676434366963804;0.020321649499238;0.323847305029631;0.129765738733113;1.198372670449317
sort_2;11;77000;1.660643404349685;0.008402267470956;0.323569433763623;0.128349973820150;1.196216516196728
sort_2;11;77000;1.678062647581100;0.020387796685100;0.324473085813224;0.129410921595991;1.199671819806099
sort_2;11;77000;1.673727096058428;0.020366000011563;0.323089202865958;0.130155765451491;1.195979336276650
sort_2;11;77000;1.673237297683954;0.020283987745643;0.322908964008093;0.128598251380026;1.197325898334384
sort_2;11;77000;1.606926518492401;0.008464064449072;0.263712695799768;0.128595525398850;1.205821384675801
sort_2;12;84000;1.610623965971172;0.007608895190060;0.176267435774207;0.116504415869713;1.309892210178077
sort_2;12;84000;1.603559987619519;0.007603452540934;0.168630840256810;0.116704044863582;1.310265147127211
sort_2;12;84000;1.617811631411314;0.007613738067448;0.179612915031612;0.116159151308239;1.314104364253581
sort_2;12;84000;1.607710159383714;0.007605141028762;0.171611990779638;0.116383919492364;1.311775551177561
sort_2;12;84000;1.613455666229129;0.007593510672450;0.179216010496020;0.115980380214751;1.310315951704979
sort_2;12;84000;1.619276964105666;0.007551444694400;0.180528609082103;0.116890329867601;1.310191716998816
sort_2;12;84000;1.610107692889869;0.007540610618889;0.174703436903656;0.116349847987294;1.307345196604729
sort_2;12;84000;1.610003964975476;0.007588990032673;0.173000550828874;0.116174825467169;1.312905472703278
sort_2;12;84000;1.614483747631311;0.007586181163788;0.179997244849801;0.115549003705382;1.310980819165707
sort_2;12;84000;1.617638280615211;0.007584219798446;0.180790245532990;0.115330891683698;1.313598958775401
sort_2;12;84000;1.606416116468608;0.007621438242495;0.170913948677480;0.117022849619389;1.310461957938969
sort_2;12;84000;1.610525074414909;0.007550989277661;0.176555423066020;0.116206428036094;1.309823458082974
sort_2;12;84000;1.611387975513935;0.007614715024829;0.179850268177688;0.115557946264744;1.307989300228655
sort_2;12;84000;1.607493530027568;0.007622925564647;0.171578286215663;0.115881885401905;1.312072291038930
sort_2;12;84000;1.611863911151886;0.007598219439387;0.180581154301763;0.116024088114500;1.307316642254591
sort_2;12;84000;1.609217789024115;0.007559574209154;0.173267166130245;0.116818439215422;1.307459072209895
sort_2;12;84000;1.609580078162253;0.007568567059934;0.172929821535945;0.117932761088014;1.307037029415369
sort_2;12;84000;1.621617378666997;0.007616044953465;0.181249226443470;0.119049486704171;1.313360614702106
sort_2;12;84000;1.606838720850646;0.007564616389573;0.171524524688721;0.116705870255828;1.310704465024173
sort_2;12;84000;1.620597220957279;0.007596643641591;0.181462807580829;0.117728509940207;1.313446466811001
sort_4;2;14000;1.727690352126956;0.044756645336747;0.602947785519063;0.884690209291875;0.195232897996902
sort_4;2;14000;1.720205081626773;0.044769558124244;0.591496750712395;0.888611198402941;0.195260938256979
sort_4;2;14000;1.732530456967652;0.044773714616895;0.605709297582507;0.886729218997061;0.195249744690955
sort_4;2;14000;1.708799211308360;0.044737356714904;0.584243791177869;0.884477776475251;0.195271941833198
sort_4;2;14000;1.727693242952228;0.044783227145672;0.602544603869319;0.885202614590526;0.195097136311233
sort_4;2;14000;1.726286531426013;0.044688783586025;0.601270088925958;0.885067085735500;0.195181410759687
sort_4;2;14000;1.714072605594993;0.044779841788113;0.587734023109078;0.886331621557474;0.195156291127205
sort_4;2;14000;1.739087137393653;0.044734638184309;0.606147758662701;0.892962402664125;0.195177575573325
sort_4;2;14000;1.714976456016302;0.044688749127090;0.583980452269316;0.891117639839649;0.195119037292898
sort_4;2;14000;1.740071579813957;0.044780636206269;0.610101060941815;0.889975857920945;0.195148375816643
sort_4;2;14000;1.709900743328035;0.044734965078533;0.583027700893581;0.886946246027946;0.195126844570041
sort_4;2;14000;1.732638352550566;0.044629174284637;0.606544562615454;0.886199670843780;0.195195652544498
sort_4;2;14000;1.711164417676628;0.044702922925353;0.585705362260342;0.885539255104959;0.195147861726582
sort_4;2;14000;1.728952583856881;0.044744623824954;0.602103848010302;0.886826056055725;0.195205068215728
sort_4;2;14000;1.727283027954400;0.044767938554287;0.586676497943699;0.900630405172706;0.195138419046998
sort_4;2;14000;1.736956455744803;0.044878674671054;0.606340730562806;0.890534867532551;0.195140798576176
sort_4;2;14000;1.707701301202178;0.044749152846634;0.582001379691064;0.885740115307271;0.195146539248526
sort_4;2;14000;1.732647641561925;0.044829509221017;0.603860838338733;0.888702932745218;0.195188008248806
sort_4;2;14000;1.728180638514459;0.044796264730394;0.600257706828415;0.887878033332527;0.195181463845074
sort_4;2;14000;1.730231617577374;0.044687234796584;0.599408252164721;0.890886368229985;0.195178054273129
sort_2;13;91000;1.827936730347574;0.007246635854244;0.287491381168365;0.108677404001355;1.424152583815157
sort_2;13;91000;1.809070832096040;0.007201692089438;0.274472729302943;0.106183821335435;1.420859216712415
sort_2;13;91000;1.848061351105571;0.007161665707827;0.310595727525651;0.106078527867794;1.423874066211283
sort_2;13;91000;1.828455308452249;0.007190248928964;0.290413703769445;0.107301442883909;1.423189594410360
sort_2;13;91000;1.823879672214389;0.007235637865961;0.287356909364462;0.105484786443412;1.423434518277645
sort_2;13;91000;1.825149699114263;0.007108769379556;0.287535604089499;0.106624201871455;1.423552043735981
sort_2;13;91000;1.848077991977334;0.007203615270555;0.310409516096115;0.106646667234600;1.423082290217280
sort_2;13;91000;1.828765653073788;0.007231594994664;0.290462146513164;0.106035959906876;1.424681804142892
sort_2;13;91000;1.826329546049237;0.007164628244936;0.287495247088373;0.106742044910789;1.424582352861762
sort_2;13;91000;1.829182074405253;0.007230999879539;0.287195828743279;0.106512412428856;1.427883163094521
sort_2;13;91000;1.828761732205749;0.007208394818008;0.290185207501054;0.106434715911746;1.424588737078011
sort_2;13;91000;1.861930265091360;0.007276656106114;0.320543307811022;0.109536067582667;1.424213388003409
sort_2;13;91000;1.829377295449376;0.007234023883939;0.287261351943016;0.106362403370440;1.428154169581831
sort_2;13;91000;1.823493718169630;0.007112788036466;0.287546426057816;0.105306419543922;1.423165687359869
sort_2;13;91000;1.832253292202950;0.007228221744299;0.290347218513489;0.106380588375032;1.427939224056900
sort_2;13;91000;1.823532165028155;0.007222522050142;0.286985020153224;0.105321074835956;1.423644093796611
sort_2;13;91000;1.847292813472450;0.007099744863808;0.310262871906161;0.106295228004456;1.423286029137671
sort_2;13;91000;1.830068296752870;0.007227173075080;0.286840067245066;0.107652307488024;1.427986865863204
sort_2;13;91000;1.828491940163076;0.007154127582908;0.290162550285459;0.107086802832782;1.423723537474871
sort_2;13;91000;1.824822555296123;0.007237994112074;0.287069616839290;0.107049922458827;1.423098365776241
sort_2;15;105000;1.904541880823672;0.006146891042590;0.158052409067750;0.089478982612491;1.650530770421028
sort_2;15;105000;1.904552661813796;0.006146125495434;0.158079909160733;0.089924147352576;1.650066234171391
sort_2;15;105000;1.906249434687197;0.006145963445306;0.158286905847490;0.089844224974513;1.651588703505695
sort_2;15;105000;1.906109279952943;0.006121500395238;0.158078909851611;0.090186864137650;1.651363259181380
sort_2;15;105000;1.903864594176412;0.006125917658210;0.158069433644414;0.089273438788950;1.650033546611667
sort_2;15;105000;1.892238704487681;0.006118262186646;0.152320361696184;0.088623598217964;1.644849769771099
sort_2;15;105000;1.904261710122228;0.006138894706964;0.158280695788562;0.089113169349730;1.650396865792572
sort_2;15;105000;1.914940627291799;0.011850592680275;0.158196017146111;0.089746244251728;1.651075338944793
sort_2;15;105000;1.906575467437506;0.006142673082650;0.158952394500375;0.089392183348536;1.651714849285781
sort_2;15;105000;1.906108869239688;0.006114747375250;0.159679957665503;0.089723295532167;1.650248842313886
sort_2;15;105000;1.903682979755104;0.006169257685542;0.158121251501143;0.089498081244528;1.649551131762564
sort_2;15;105000;1.903879622928798;0.006131571717560;0.158318432979286;0.089501910842955;1.649556722491980
sort_2;15;105000;1.904698201455176;0.006155009381473;0.158759728074074;0.089067974127829;1.650354622863233
sort_2;15;105000;1.910974337719381;0.006141515448689;0.158564033918083;0.088297612965107;1.649625666439533
sort_2;15;105000;1.897322876378894;0.006149175576866;0.153751988895237;0.089699753560126;1.647360197268426
sort_2;15;105000;1.894912708550692;0.006145191378891;0.153502613306046;0.089408015832305;1.645526632666588
sort_2;15;105000;1.906641268171370;0.006132440641522;0.159117954783142;0.089474837295711;1.651575474999845
sort_2;15;105000;1.910916047170758;0.006141988560557;0.159519995562732;0.089303486049175;1.655595493502915
sort_2;15;105000;1.891391987912357;0.006148872897029;0.151325191371143;0.088893464766443;1.644656348042190
sort_2;15;105000;1.908769639208913;0.006139677017927;0.159488089382648;0.088688717223704;1.654118234291673
sort_2;14;98000;1.948572160676122;0.006644988432527;0.284159104339778;0.097997492179275;1.558989687822759
sort_2;14;98000;1.970174704678357;0.006726996041834;0.286285534501076;0.108752978034317;1.568011944182217
sort_2;14;98000;1.972233001142740;0.006744661368430;0.287536666728556;0.110125959850848;1.567434161901474
sort_2;14;98000;1.970099749043584;0.006693191826344;0.286705720238388;0.108896677382290;1.567409746348858
sort_2;14;98000;1.971212016418576;0.006672468967736;0.288200106471777;0.108187533915043;1.567754067480564
sort_2;14;98000;1.970698049291968;0.006615765392780;0.287959569133818;0.108384720981121;1.567336110398173
sort_2;14;98000;1.960415059700608;0.006664694286883;0.280024288222194;0.108814416453242;1.564518932253122
sort_2;14;98000;1.970389179885387;0.006635825149715;0.288484253920615;0.107983613386750;1.566886795684695
sort_2;14;98000;1.971332985907793;0.006679104641080;0.287981799803674;0.109106372110546;1.567162872292101
sort_2;14;98000;1.970085234381258;0.006721028126776;0.285940258763731;0.107962560839951;1.569047657772899
sort_2;14;98000;1.971368535421789;0.006700355559587;0.288299616426229;0.108104969374835;1.567858722060919
sort_2;14;98000;1.968740201555192;0.006711723282933;0.286259237676859;0.109316352754831;1.566045644693077
sort_2;14;98000;1.957998728379607;0.006699145771563;0.284248679876328;0.098114453256130;1.568526432849467
sort_2;14;98000;1.962636701762676;0.006700179539621;0.284225832670927;0.107785607688129;1.563518027774990
sort_2;14;98000;1.971706669777632;0.006686086766422;0.288103878498077;0.109029284678400;1.567479588091373
sort_2;14;98000;1.970249451696873;0.006629238836467;0.286698153242469;0.108752003870904;1.567764274775982
sort_2;14;98000;1.971099235117435;0.006678557954729;0.287065489217639;0.108987727202475;1.567963622510433
sort_2;14;98000;1.973575178533792;0.006756180897355;0.287042935378850;0.109360759146512;1.570000591687858
sort_2;14;98000;1.974259588867426;0.006703968159854;0.288173644803464;0.109432827681303;1.569554712623358
sort_2;14;98000;1.971090359613299;0.006693264469504;0.287902392446995;0.108615024015307;1.567477110773325
sort_2;16;112000;2.243834932334721;0.015784149989486;0.294380301609635;0.129034637473524;1.796398519538343
sort_2;16;112000;2.134209021925926;0.015493532642722;0.261544749140739;0.082664547488093;1.766327586956322
sort_2;16;112000;2.179701117798686;0.015374195761979;0.265491625294089;0.117080922238529;1.773497944697738
sort_2;16;112000;2.171851765364408;0.015374693088233;0.250978639349341;0.121561273001134;1.775646283291280
sort_2;16;112000;2.180944302119315;0.015346302650869;0.267645682208240;0.121054019778967;1.768605429679155
sort_2;16;112000;2.163691298104823;0.015396538190544;0.251235970295966;0.118293075822294;1.770471731200814
sort_2;16;112000;2.349588808603585;0.015327607281506;0.271516776643693;0.130476691760123;1.924016322009265
sort_2;16;112000;2.174013644456863;0.015382190234959;0.254000843502581;0.121463761664927;1.774936443194747
sort_2;16;112000;2.174602495506406;0.015391807071865;0.250804440118372;0.129443904384971;1.770735720172524
sort_2;16;112000;2.115112104453146;0.015358060598373;0.236330896615982;0.085597950033844;1.769551654346287
sort_2;16;112000;2.221421742811799;0.015593535266817;0.303267340175807;0.128656907007098;1.764975868165493
sort_2;16;112000;2.153358824551105;0.032770758494735;0.223036439158022;0.128738698549569;1.760574960149825
sort_2;16;112000;2.197804749943316;0.015676074661314;0.261354977265000;0.128416496329010;1.784091839566827
sort_2;16;112000;2.153971033170819;0.028321436606348;0.221142064779997;0.130499621853232;1.765696568414569
sort_2;16;112000;2.182295678183436;0.015430266037583;0.255617436021566;0.129089038819075;1.773523511365056
sort_2;16;112000;2.147526815533638;0.015355440787971;0.230270583182573;0.130242517217994;1.763398739509284
sort_2;16;112000;2.159161939285696;0.015376246534288;0.239667504094541;0.127869799733162;1.767997014336288
sort_2;16;112000;2.176571718417108;0.015335114672780;0.270689816214144;0.121151395142078;1.764744000509381
sort_2;16;112000;2.139335947111249;0.015350952744484;0.255841641686857;0.093070100061595;1.770800736732781
sort_2;16;112000;2.122079508379102;0.009426196105778;0.242781704291701;0.083055311813951;1.773693418130279
sort_4;1;7000;2.752325442619622;0.089164784178138;0.594765398651361;1.961052734404802;0.107328602112830
sort_4;1;7000;2.768035121262074;0.089156900532544;0.598330272361636;1.973168234340847;0.107367771677673
sort_4;1;7000;2.750393591821194;0.089313059113920;0.594635017216206;1.959093417972326;0.107336754910648
sort_4;1;7000;2.747267374768853;0.089186032302678;0.587861908599734;1.962681498378515;0.107524242252111
sort_4;1;7000;2.761325706727803;0.089168894104660;0.599696082994342;1.965062705799937;0.107386974617839
sort_4;1;7000;2.755690525285900;0.089240871369839;0.590972570702434;1.968054316937923;0.107410402037203
sort_4;1;7000;2.771289750933647;0.089416977949440;0.604035895317793;1.970359776169062;0.107464547269046
sort_4;1;7000;2.747207296080887;0.089279287494719;0.593992823734879;1.956589289009571;0.107333196327090
sort_4;1;7000;2.746534875594079;0.088960749097168;0.590796552598476;1.959279336966574;0.107488497160375
sort_4;1;7000;2.753192062489688;0.089214326813817;0.596520330756903;1.960080996155739;0.107364314608276
sort_4;1;7000;2.755628626793623;0.088939107023180;0.593682760372758;1.965648166835308;0.107347868382931
sort_4;1;7000;2.753640211187303;0.089143489487469;0.600424468517303;1.956522624939680;0.107538609765470
sort_4;1;7000;2.751533473841846;0.089205766096711;0.598266213200986;1.956694385036826;0.107356660999358
sort_4;1;7000;2.760795432142913;0.089219329878688;0.605386524461210;1.958778996020555;0.107399690896273
sort_4;1;7000;2.777600946836174;0.089219203218818;0.616741796024144;1.964260448701680;0.107367889024317
sort_4;1;7000;2.761292327195406;0.089317229576409;0.595347932539880;1.969283787533641;0.107332196086645
sort_4;1;7000;2.753235849551857;0.089267990551889;0.597812421619892;1.958817890845239;0.107323952950537
sort_4;1;7000;2.754576168023050;0.089227073825896;0.601396698504686;1.956601234152913;0.107337873429060
sort_4;1;7000;2.761558660306036;0.089389286935329;0.604832735843956;1.959976467303932;0.107346791774035
sort_4;1;7000;2.762926944531500;0.089489137753844;0.595852264203131;1.970218418166041;0.107353437691927
sort_4;3;21000;1.358388464897871;0.030506264418364;0.460116957314312;0.567252179607749;0.300407791510224
sort_4;3;21000;1.343174179084599;0.029980452731252;0.441523306071758;0.571402656845748;0.300153825432062
sort_4;3;21000;1.338976375758648;0.029963333159685;0.442568263970315;0.565987548790872;0.300343752838671
sort_4;3;21000;1.342586249113083;0.029935439117253;0.442587759345770;0.569823523052037;0.300125434063375
sort_4;3;21000;1.342123316600919;0.029976439662278;0.442403808236122;0.569332430139184;0.300305121578276
sort_4;3;21000;1.345087870955467;0.030003421008587;0.445660418830812;0.569081777706742;0.300240450538695
sort_4;3;21000;1.338598685339093;0.029939320869744;0.442028621211648;0.566096276976168;0.300428497605026
sort_4;3;21000;1.337527681142092;0.029926275834441;0.442175623960793;0.565113762393594;0.300204713828862
sort_4;3;21000;1.347678964026272;0.029944659210742;0.450647043064237;0.566662616096437;0.300320059061050
sort_4;3;21000;1.341278730891645;0.029939766041934;0.440803549252450;0.570162373594940;0.300269394181669
sort_4;3;21000;1.398692503571510;0.030196554958820;0.495469176210463;0.566178819164634;0.306765801273286
sort_4;3;21000;1.340399750508368;0.029976066201925;0.444917902350426;0.565275873057544;0.300133206881583
sort_4;3;21000;1.340218030847609;0.029922784306109;0.443486447446048;0.566459364257753;0.300255523994565
sort_4;3;21000;1.345043155364692;0.029928753152490;0.447540275752544;0.567304591648281;0.300172720104456
sort_4;3;21000;1.408336207270622;0.030086970888078;0.507454456761479;0.564434197731316;0.306278397329152
sort_4;3;21000;1.348130918107927;0.029996877536178;0.448498979210854;0.566802988760173;0.302735815756023
sort_4;3;21000;1.366420872509480;0.030212298035622;0.465168491937220;0.570319557562470;0.300626763142645
sort_4;3;21000;1.346584551036358;0.030045419931412;0.445854875259101;0.570375660434365;0.300182884559035
sort_4;3;21000;1.348732432350516;0.029923569411039;0.448213011026382;0.570315943099558;0.300179312005639
sort_4;3;21000;1.343555134721100;0.030031454749405;0.444643129594624;0.567461334168911;0.301320775412023
sort_4;4;28000;1.220298368483782;0.022575723938644;0.377868222072721;0.410274794325233;0.409463719464839
sort_4;4;28000;1.211792547255754;0.022536961361766;0.369374539703131;0.410637918859720;0.409138867631555
sort_4;4;28000;1.212928401306272;0.022598572075367;0.367771304212511;0.412711744196713;0.409716511145234
sort_4;4;28000;1.221109185367823;0.022586765699089;0.372792322188616;0.411826349794865;0.413797581568360
sort_4;4;28000;1.223710888065398;0.022677168250084;0.373683133162558;0.412973498925567;0.414269354194403
sort_4;4;28000;1.205713517963886;0.022700547240674;0.357562325894833;0.408594346605241;0.416756430640817
sort_4;4;28000;1.218474588356912;0.022622683085501;0.373365663923323;0.412783172912896;0.409553811885417
sort_4;4;28000;1.193789847195148;0.022593162953854;0.350259098224342;0.411563779227436;0.409251620993018
sort_4;4;28000;1.192488132044673;0.022556936368346;0.352044336497784;0.408222962170839;0.409539726562798
sort_4;4;28000;1.209197406657040;0.022537507116795;0.364220070652664;0.412663826718926;0.409657671116292
sort_4;4;28000;1.194968743249774;0.022810410708189;0.352959084324539;0.410054001025856;0.409035976976156
sort_4;4;28000;1.191307166591287;0.022552034817636;0.351955366320908;0.407837088219821;0.408829501830041
sort_4;4;28000;1.191272311843932;0.022553625516593;0.351554661989212;0.407814757898450;0.409228092990816
sort_4;4;28000;1.192558226175606;0.022602945566177;0.352511075325310;0.408191336318851;0.409119706600904
sort_4;4;28000;1.193780939094722;0.022580558434129;0.351774207316339;0.410010887309909;0.409300078637898
sort_4;4;28000;1.194528677500784;0.022583329118788;0.353590732440352;0.409123739227653;0.409096091985703
sort_4;4;28000;1.197203415445983;0.022601493634284;0.352493253536522;0.412692285142839;0.409298156388104
sort_4;4;28000;1.195358383469284;0.022701274603605;0.353373605757952;0.409859193488955;0.409306776709855
sort_4;4;28000;1.198257128708065;0.022556545212865;0.351707817055285;0.414753087796271;0.409123878926039
sort_4;4;28000;1.192650384269655;0.022577973082662;0.350295691750944;0.410205417312682;0.409453550353646
sort_4;5;35000;1.186799226328731;0.018119156360626;0.317992542870343;0.322614934295416;0.527931792661548
sort_4;5;35000;1.162748285569251;0.018106401897967;0.305681151337922;0.317700890824199;0.521114698611200
sort_4;5;35000;1.151282051578164;0.018092444166541;0.293991727754474;0.317987514659762;0.521067526191473
sort_4;5;35000;1.152016186155379;0.018018928356469;0.292556957341731;0.320598469115794;0.520700871013105
sort_4;5;35000;1.150714718736708;0.018060513772070;0.292668657377362;0.319682325236499;0.520150829106569
sort_4;5;35000;1.152591025456786;0.018030382692814;0.292610765434802;0.321532405912876;0.520274994894862
sort_4;5;35000;1.150568027049303;0.018016993068159;0.293506601825356;0.318741201423109;0.520159273408353
sort_4;5;35000;1.148114424198866;0.018075744621456;0.291405894793570;0.317671620287001;0.520815310999751
sort_4;5;35000;1.148583700880408;0.018060299567878;0.290472269989550;0.319429956376553;0.520479442551732
sort_4;5;35000;1.149352452717721;0.018056455068290;0.291684424504638;0.319594525732100;0.519879365339875
sort_4;5;35000;1.152535474859178;0.018020695075393;0.290161509998143;0.323581795208156;0.520245279185474
sort_4;5;35000;1.149546672590077;0.018031631596386;0.291836184449494;0.319271338172257;0.520272321067750
sort_4;5;35000;1.148413631133735;0.018054402433336;0.290699390694499;0.319544318132102;0.519978336058557
sort_4;5;35000;1.150387750007212;0.018003607168794;0.292525224387646;0.319564487785101;0.520159069448709
sort_4;5;35000;1.145961310714483;0.017989206127822;0.289745376445353;0.318059163168073;0.520028106868267
sort_4;5;35000;1.148974823765457;0.018013781867921;0.291687848046422;0.319118083454669;0.520015370100737
sort_4;5;35000;1.149519367143512;0.018036539666355;0.290948577225208;0.319429774768651;0.520968825556338
sort_4;5;35000;1.149668915197253;0.018062122166157;0.293102739378810;0.317599937319756;0.520765216089785
sort_4;5;35000;1.151715834625065;0.018014852888882;0.291785093024373;0.321337604895234;0.520438672043383
sort_4;5;35000;1.149096249602735;0.018031015992165;0.291545178741217;0.318739419803023;0.520640539005399
sort_4;6;42000;1.161265980452299;0.015092065557837;0.248223800212145;0.257682962343097;0.640084437094629
sort_4;6;42000;1.172571321949363;0.015179130248725;0.264050303958356;0.259796355850995;0.633361416868865
sort_4;6;42000;1.155085423029959;0.015118737705052;0.247844918631017;0.259775952436030;0.632160638459027
sort_4;6;42000;1.154196701943874;0.015114701353014;0.247937005944550;0.259268845431507;0.631697977893054
sort_4;6;42000;1.160958545282483;0.015061676502228;0.247602409683168;0.259823963046074;0.638281337916851
sort_4;6;42000;1.177218168042600;0.015140224248171;0.266063621267676;0.259625715203583;0.636218192987144
sort_4;6;42000;1.152777221985161;0.015155202709138;0.246303986757994;0.258676076307893;0.632468031719327
sort_4;6;42000;1.174167322926223;0.015186078846455;0.267781061120331;0.257511860691011;0.633492042310536
sort_4;6;42000;1.167177477851510;0.015095018781722;0.256053530611098;0.257801100611687;0.638034276664257
sort_4;6;42000;1.187476601451635;0.015068470500410;0.264503897167742;0.258669915609062;0.649047149345279
sort_4;6;42000;1.164211997762322;0.015074844472110;0.257632926106453;0.258189529180527;0.633124381303787
sort_4;6;42000;1.164233049377799;0.015072448179126;0.258493062108755;0.257548391819000;0.632930472493172
sort_4;6;42000;1.165374149568379;0.015089916065335;0.258793882094324;0.258291717618704;0.633010520599782
sort_4;6;42000;1.166779004968703;0.015079556033015;0.260629689320922;0.258099426515400;0.632782766595483
sort_4;6;42000;1.160303523764014;0.015078857541084;0.251974634826183;0.260606858879328;0.632460131309927
sort_4;6;42000;1.158388248644769;0.015059324912727;0.252711260691285;0.257960706949234;0.632468591444194
sort_4;6;42000;1.167150364257395;0.015102721750736;0.259463675320148;0.259180080145597;0.633218973875046
sort_4;6;42000;1.164897876791656;0.015081807971001;0.257427955977619;0.259152002632618;0.633052861317992
sort_4;6;42000;1.165740281343460;0.015111244283617;0.258044633083045;0.259635957889259;0.632759663276374
sort_4;6;42000;1.165995015762746;0.015093076974154;0.260262699797750;0.257602849975228;0.632850671187043
sort_4;7;49000;1.621179610490799;0.025962364859879;0.620391095988452;0.219296805560589;0.751383336260915
sort_4;7;49000;1.416052196174860;0.013414603658020;0.437174066901207;0.217210764065385;0.748059845529497
sort_4;7;49000;1.377601154148579;0.013230863958597;0.397767297923565;0.217804441228509;0.748578496277332
sort_4;7;49000;1.315811097621918;0.013021450489759;0.339692703448236;0.217764393426478;0.745118781924248
sort_4;7;49000;1.315095270052552;0.013162088580430;0.340184330940247;0.216654798947275;0.744874608702958
sort_4;7;49000;1.328369456343353;0.013177110813558;0.351421894505620;0.218050099909306;0.745497666299343
sort_4;7;49000;1.314043547958136;0.013062518090010;0.338746539317071;0.217577474191785;0.744439776986837
sort_4;7;49000;1.372662901878357;0.013248819857836;0.397394208237529;0.216268712654710;0.745549722574651
sort_4;7;49000;1.318784436210990;0.013252811506391;0.339813372120261;0.218642312102020;0.746882132254541
sort_4;7;49000;1.316727124154568;0.013169069774449;0.341170557774603;0.217479949817061;0.744708569720387
sort_4;7;49000;1.314988309517503;0.013206128962338;0.339138413779438;0.216232593171299;0.746212219819427
sort_4;7;49000;1.314582387916744;0.013166634365916;0.338889860548079;0.216771092265844;0.745563707314432
sort_4;7;49000;1.314481382258236;0.013188476674259;0.339345203712583;0.217354207299650;0.744393809698522
sort_4;7;49000;1.313903795555234;0.013140141032636;0.339916534721851;0.215807572007179;0.744841942563653
sort_4;7;49000;1.188571379519999;0.013021493330598;0.214714216999710;0.216273125261068;0.744354243390262
sort_4;7;49000;1.314226275309920;0.013164633885026;0.338860313408077;0.217447225935757;0.744557362049818
sort_4;7;49000;1.313379654660821;0.013169344514608;0.339335664175451;0.216104176826775;0.744569690898061
sort_4;7;49000;1.363196896389127;0.013270879164338;0.383392517454922;0.217614518478513;0.748708322644234
sort_4;7;49000;1.336825071834028;0.013079624623060;0.360898720100522;0.217707695439458;0.744924009777606
sort_4;7;49000;1.337718473747373;0.013083310797811;0.362922559492290;0.217117113992572;0.744372386485338
sort_4;8;56000;1.258658820763230;0.011330435983837;0.205387940630317;0.184439243748784;0.857300046831369
sort_4;8;56000;1.260025355033576;0.011364049278200;0.204826311208308;0.184858723543584;0.858778663910925
sort_4;8;56000;1.260013746097684;0.011313259601593;0.204796079546213;0.185800322331488;0.857902280986309
sort_4;8;56000;1.261928625404835;0.011320702731609;0.205470194108784;0.185328342951834;0.859603963792324
sort_4;8;56000;1.261065917089581;0.011386524885893;0.205566070973873;0.184961248189211;0.858942828141153
sort_4;8;56000;1.263413031585515;0.011374536901712;0.206451590172946;0.186474072746933;0.858909261412919
sort_4;8;56000;1.258594086393714;0.011301113292575;0.204038899391890;0.185599411837757;0.857442125678062
sort_4;8;56000;1.259450828656554;0.011466052383184;0.203300102613866;0.185461224988103;0.859024175442755
sort_4;8;56000;1.257440760731697;0.011383882723749;0.203903413377702;0.184268662706017;0.857688312418759
sort_4;8;56000;1.258697854354978;0.011371754109859;0.204200892709196;0.184066754765809;0.858861445449293
sort_4;8;56000;1.258256874047220;0.011403241194785;0.204818491823971;0.183954541571438;0.857883023098111
sort_4;8;56000;1.259378744289279;0.011352995410562;0.204468187876046;0.185938860289752;0.857416303828359
sort_4;8;56000;1.258440389297903;0.011379103176296;0.203704158775508;0.185335832647979;0.857819564640522
sort_4;8;56000;1.260888638906181;0.011382131837308;0.205718031153083;0.184293809346855;0.859292047098279
sort_4;8;56000;1.261903882957995;0.011339653283358;0.203475634567440;0.186569543555379;0.860307320952415
sort_4;8;56000;1.258348356001079;0.011354911141098;0.203958936966956;0.185255773365498;0.857566409744322
sort_4;8;56000;1.259596375748515;0.011370811611414;0.204743040725589;0.185430385172367;0.857845400460064
sort_4;8;56000;1.265809604898095;0.011377567425370;0.205531216226518;0.190536790527403;0.858150264248252
sort_4;8;56000;1.258701317943633;0.011370438151062;0.203354907222092;0.186469771899283;0.856911272741854
sort_4;8;56000;1.259588568471372;0.011358098126948;0.205565671436489;0.184129094704986;0.858331998810172
sort_4;9;63000;1.332187348976731;0.009981903247535;0.189965367317200;0.162127799354494;0.969895740039647
sort_4;9;63000;1.330528949387372;0.010050220414996;0.186133707873523;0.162375867366791;0.971762504428625
sort_4;9;63000;1.330591755919158;0.010022321715951;0.188409195281565;0.160774304531515;0.971172194927931
sort_4;9;63000;1.327932853251696;0.009999786503613;0.186173694208264;0.162638828158379;0.968894485384226
sort_4;9;63000;1.331781372427940;0.010031318292022;0.189367997460067;0.162316019646823;0.969854584895074
sort_4;9;63000;1.342545516788960;0.010087190195918;0.197372610680759;0.161649524234235;0.973189896903932
sort_4;9;63000;1.330162515863776;0.010046664625406;0.187509880401194;0.162191707640886;0.970197838731110
sort_4;9;63000;1.333635076880455;0.010011835023761;0.191676896996796;0.161955720745027;0.969761452637613
sort_4;9;63000;1.333365816622972;0.010052750818431;0.191897406242788;0.161874219775200;0.969314551912248
sort_4;9;63000;1.331513046287000;0.010012389160693;0.190014669671655;0.161623641848564;0.969625143334270
sort_4;9;63000;1.329595297574997;0.010026727803051;0.189169072546065;0.160746950656176;0.969441751949489
sort_4;9;63000;1.330289004370570;0.010061712004244;0.188031927682459;0.160661993548274;0.971321362070739
sort_4;9;63000;1.330491659231484;0.010031023062766;0.190076099708676;0.161524315364659;0.968656855635345
sort_4;9;63000;1.342984621413052;0.010029667988420;0.189952325075865;0.168240761384368;0.974547756835818
sort_4;9;63000;1.330240759998560;0.010024293325841;0.189496457576752;0.161648061126471;0.968862031586468
sort_4;9;63000;1.330327242612839;0.010036529973149;0.189131730236113;0.161448763683438;0.969490535557270
sort_4;9;63000;1.330663641914725;0.010015545412898;0.188202993944287;0.162983708083630;0.969250026158988
sort_4;9;63000;1.347974524833262;0.010010840371251;0.188482216559350;0.179667925462127;0.969591028988361
sort_4;9;63000;1.332060151733458;0.010011115111411;0.189976514317095;0.162889523431659;0.968968205153942
sort_4;9;63000;1.332397785037756;0.010027722455561;0.190777310170233;0.162455747835338;0.968916167505085
sort_4;10;70000;1.412397483363748;0.009170582517982;0.171823569573462;0.143035827204585;1.088093108497560
sort_4;10;70000;1.408216360025108;0.009153444319963;0.171674588695168;0.142859808169305;1.084250391460955
sort_4;10;70000;1.413403042592108;0.009154339320958;0.172905615530908;0.144413738511503;1.086647279560566
sort_4;10;70000;1.410540668293834;0.009114311076701;0.171480943448842;0.144981689751148;1.084694146178663
sort_4;10;70000;1.410025645047426;0.009147472679615;0.173412875272334;0.143486232496798;1.083716966211796
sort_4;10;70000;1.411866509355605;0.009140253998339;0.172314931638539;0.143537644296885;1.086580844596028
sort_4;10;70000;1.410473846830428;0.009126579388976;0.171757075004280;0.143082858063281;1.086222284473479
sort_4;10;70000;1.408890832215548;0.009096155874431;0.170917370356619;0.142820659093559;1.085775451734662
sort_4;10;70000;1.408238050527871;0.009139302186668;0.170802148059011;0.143925867974758;1.084083614870906
sort_4;10;70000;1.406923078000546;0.009172838181257;0.170363801531494;0.142890160903335;1.084211083129048
sort_4;10;70000;1.407231563702226;0.009138481691480;0.171053839847445;0.143060229718685;1.083698856644332
sort_4;10;70000;1.409393625333905;0.009106568060815;0.171482901088893;0.142884023487568;1.085631858557463
sort_4;10;70000;1.407998398877680;0.009125507436693;0.171149997040629;0.142564503476024;1.084862016141415
sort_4;10;70000;1.409968115389347;0.009131716564298;0.170592590235174;0.143946798518300;1.086016960442066
sort_4;10;70000;1.409055227413774;0.009152414277196;0.171133818104863;0.142725695855916;1.085764699615538
sort_4;10;70000;1.409590755589306;0.009138833731413;0.171510124579072;0.144262325018644;1.084383562207222
sort_4;10;70000;1.408794630318880;0.009131687693298;0.171247757039964;0.144055022858083;1.084070716053247
sort_4;10;70000;1.409484680742025;0.009146919474006;0.171549284830689;0.144496425054967;1.084013734944165
sort_4;10;70000;1.408108307048678;0.009107258170843;0.171046284958720;0.143430124968290;1.084242611192167
sort_4;10;70000;1.401699021458626;0.009094270877540;0.165072811767459;0.143028722144663;1.084217859432101
sort_4;11;77000;1.490173334255815;0.008271524682641;0.157649490050972;0.128782545216382;1.195205985568464
sort_4;11;77000;1.490586717613041;0.008301792666316;0.156979993917048;0.128474848344922;1.196562085300684
sort_4;11;77000;1.489097811281681;0.008325151167810;0.157657581381500;0.128293500281870;1.194560769014060
sort_4;11;77000;1.489265873096883;0.008288255892694;0.158374086953700;0.127962610684335;1.194364825263619
sort_4;11;77000;1.491079851984978;0.008326881565154;0.158183498308063;0.129218336194754;1.195084196515381
sort_4;11;77000;1.490679326467216;0.008318812586367;0.158446245826781;0.128944116644561;1.194702236913145
sort_4;11;77000;1.490563120692968;0.008300969377160;0.157516677863896;0.127863429486752;1.196614420972764
sort_4;11;77000;1.488898478448391;0.008304584771395;0.157431670464575;0.128244075924158;1.194659571163356
sort_4;11;77000;1.489530046470463;0.008345305919647;0.157592398114502;0.128068918362260;1.195257122628391
sort_4;11;77000;1.488822015002370;0.008327144198120;0.156932852230966;0.128779984079301;1.194505384191871
sort_4;11;77000;1.488632339052856;0.008333710953593;0.157270585186779;0.128343743272126;1.194419751875103
sort_4;11;77000;1.491031072102487;0.008323006331921;0.157754568383098;0.127848206087947;1.196836031042039
sort_4;11;77000;1.489247911609709;0.008331040851772;0.157631830312312;0.128523320890963;1.194497670978308
sort_4;11;77000;1.491167355328798;0.008301272988319;0.157809304073453;0.127954204566777;1.196835956536233
sort_4;11;77000;1.490032273344696;0.008325680159032;0.157666668295860;0.128948807716370;1.194820643402636
sort_4;11;77000;1.488917344249785;0.008259775117040;0.157385649159551;0.128621022216976;1.194381724111736
sort_4;11;77000;1.489221876487136;0.008328738622367;0.157687225379050;0.128163401037455;1.194778216071427
sort_4;11;77000;1.491792372427881;0.008283078670502;0.158246577717364;0.128155134618282;1.196839917451143
sort_4;11;77000;1.497524314559996;0.008322294801474;0.158022778108716;0.134364147670567;1.196545282378793
sort_4;11;77000;1.490050364285707;0.008283073082566;0.158360021188855;0.128594895824790;1.194541564211249
sort_4;12;84000;1.876545384526253;0.019783733412623;0.411080712452531;0.128908769227564;1.307446650229394
sort_4;12;84000;1.781986442394555;0.025574921630323;0.303383384831250;0.129881400614977;1.311030151322484
sort_4;12;84000;1.726862525567412;0.007683155126870;0.276305500417948;0.116028590127826;1.310355867259204
sort_4;12;84000;1.886541685089469;0.018900185823441;0.424505230970681;0.128163171000779;1.310743636451662
sort_4;12;84000;1.883928914554417;0.031779863871634;0.416812670417130;0.117062009871006;1.314027946442366
sort_4;12;84000;1.740633683279157;0.018890038132668;0.280969738960266;0.129243616014719;1.307292610406876
sort_4;12;84000;2.030319473706186;0.031454993411899;0.404004070907831;0.192453229799867;1.398183500394225
sort_4;12;84000;1.730175133794546;0.018892345018685;0.283557532355189;0.116281442344189;1.307216751389205
sort_4;12;84000;1.728960108943284;0.018801151774824;0.281213255599141;0.116941837593913;1.307814449071884
sort_4;12;84000;1.725747806951404;0.007867312990129;0.282136023975909;0.128484626300633;1.306956072337925
sort_4;12;84000;1.728902866132557;0.018879235722125;0.281632388941944;0.116524276323617;1.307620668783784
sort_4;12;84000;1.731306271627545;0.018852807581425;0.281356153078377;0.119552606716752;1.307267867028713
sort_4;12;84000;1.833766860887408;0.028522568754852;0.376226202584803;0.115668227896094;1.309152566827834
sort_4;12;84000;1.728985207155347;0.018852936103940;0.282179465517402;0.115778642706573;1.307891066186130
sort_4;12;84000;1.713773057796061;0.018978956155479;0.264349446631968;0.116300883702934;1.309933811426163
sort_4;12;84000;1.746888975612819;0.019497684203088;0.299730080179870;0.115938294678926;1.307521207258105
sort_4;12;84000;1.731320650316775;0.007801238447428;0.284602138213813;0.127831093035638;1.310771838761866
sort_4;12;84000;1.714720352552831;0.007830805145204;0.266605009324849;0.128238196484745;1.311690171249211
sort_4;12;84000;1.750888778828084;0.019315105862916;0.289381127804518;0.128395475447178;1.309558470733464
sort_4;12;84000;1.861160119995475;0.019304224289954;0.408811860717833;0.116035074926913;1.312767782248557
sort_4;13;91000;2.049096412025392;0.030225777998567;0.360728831030428;0.175269541330636;1.474584303796291
sort_4;13;91000;1.980043305084109;0.034125163219869;0.401786926202476;0.108244474977255;1.423755752854049
sort_4;13;91000;1.810460828244686;0.017812186852098;0.249877266585827;0.114394594915211;1.424092479050159
sort_4;13;91000;1.895280755124986;0.017810121178627;0.334512899629772;0.114553532563150;1.424127204343677
sort_4;13;91000;1.826869019307196;0.017870110459626;0.274846999906003;0.106183636933565;1.423711112700403
sort_4;13;91000;1.789647313766181;0.014354107901454;0.242994307540357;0.105244188569486;1.422796770930290
sort_4;13;91000;1.906479571014643;0.027060994878411;0.332642842084169;0.115904018282890;1.422715862281621
sort_4;13;91000;1.826798906549811;0.030036756768823;0.262227440252900;0.105300694704056;1.425059312023222
sort_4;13;91000;1.817332494072616;0.030661405064166;0.253806445747614;0.106219937093556;1.422468390315771
sort_4;13;91000;1.798712171614170;0.017792060039937;0.248020896688104;0.105762959457934;1.422985189594328
sort_4;13;91000;1.842640812508762;0.029964817687869;0.272806605324149;0.112131441012025;1.423582958988845
sort_4;13;91000;1.876277890056372;0.030216186307371;0.304962438531220;0.116237458772957;1.420692064799368
sort_4;13;91000;1.903260311111808;0.030768840573728;0.342114456929266;0.105577964335680;1.420487155206501
sort_4;13;91000;1.824383918195963;0.017829681746662;0.272616418078542;0.107708280906081;1.421940391883254
sort_4;13;91000;1.791638284921646;0.007135478779674;0.251678122207522;0.105342554859817;1.423312254250050
sort_4;13;91000;1.930354926735163;0.018139481544495;0.371156215667725;0.116365008987486;1.420465504750609
sort_4;13;91000;2.024122737348080;0.008909953758121;0.408199210651219;0.162853312678635;1.422959835268557
sort_4;13;91000;1.903872918337584;0.018213303759694;0.352108898572624;0.106823089532554;1.422476501204073
sort_4;13;91000;1.942966300994158;0.014439589343965;0.382508766837418;0.106167035177350;1.423195444047451
sort_4;13;91000;1.937084512785077;0.019582763314247;0.325098904781044;0.163255631923676;1.420903832651675
sort_4;14;98000;1.889835886657238;0.006671126931906;0.245810124091804;0.098370118997991;1.538597369566560
sort_4;14;98000;1.888640306890011;0.006670850329101;0.247049528174102;0.096283360384405;1.538257528096437
sort_4;14;98000;1.888665820471942;0.006534327752888;0.247410153970122;0.097910134121776;1.536422376520932
sort_4;14;98000;1.891120314598083;0.006722118705511;0.246291116811335;0.096947856247425;1.540751581080258
sort_4;14;98000;1.890865594148636;0.006658898666501;0.246136096306145;0.096530937589705;1.537817237898707
sort_4;14;98000;1.890620039775968;0.006694435141981;0.246064607985318;0.096364458091557;1.537080314010382
sort_4;14;98000;1.887915844097733;0.006708739325404;0.245834548957646;0.098216732032597;1.536770537495613
sort_4;14;98000;1.892857358790934;0.006650039926171;0.246948063373566;0.096488150767982;1.538379736244678
sort_4;14;98000;1.885782404802740;0.006705635227263;0.244487481191754;0.096043670549989;1.538156528025866
sort_4;14;98000;1.887859423644841;0.006550194695592;0.246192351914942;0.096087593585253;1.538630283437669
sort_4;14;98000;1.884928476996720;0.006605459377170;0.244274129159749;0.097009845077991;1.536640565842390
sort_4;14;98000;1.889933968894184;0.006548064760864;0.244366410188377;0.096330695785582;1.538279405795038
sort_4;14;98000;1.891045534051955;0.006697345525026;0.245389006100595;0.096240678802133;1.538321490399539
sort_4;14;98000;1.886816130019724;0.006607737392187;0.246139061637223;0.096980386413634;1.536696289665997
sort_4;14;98000;1.857357182539999;0.006638356484473;0.221455363556743;0.096810217946768;1.532060594297945
sort_4;14;98000;1.879837485961616;0.006659433245659;0.239269977435470;0.097153279930353;1.536348630674183
sort_4;14;98000;1.881605643779039;0.006687272340059;0.240425657480955;0.096866587176919;1.537237282842398
sort_4;14;98000;1.880658211186528;0.006614457815886;0.240302521735430;0.096955872140825;1.536387426778674
sort_4;14;98000;1.887182253412902;0.006651154719293;0.246629214845598;0.097237376496196;1.536272075958550
sort_4;14;98000;1.890346579253674;0.006583761423826;0.247103234753013;0.096342579461634;1.536137710325420
sort_4;16;112000;2.244556415826082;0.028208626434207;0.265144033357501;0.128483727574348;1.814607631415129
sort_4;16;112000;2.113887688145041;0.027330343611538;0.223349661566317;0.098640874028206;1.760487106628716
sort_4;16;112000;2.147686249576509;0.015240712091327;0.286929884925485;0.082654962316155;1.758782179094851
sort_4;16;112000;2.203680321574211;0.015237445011735;0.278754001483321;0.115692401304841;1.785829566419125
sort_4;16;112000;2.208010477013886;0.015193429775536;0.294099166058004;0.130822653882205;1.759673953987658
sort_4;16;112000;2.140961955301464;0.015572098083794;0.267095044255257;0.094606928527355;1.759416324086487
sort_4;16;112000;2.046073905192316;0.005846728570759;0.199710138142109;0.082146554253995;1.757972922176123
sort_4;16;112000;2.184647005982697;0.028174347244203;0.307169215753675;0.082262366078794;1.762957973405719
sort_4;16;112000;2.179518792778254;0.027698468416929;0.306397541426122;0.081693070009351;1.759638520888984
sort_4;16;112000;2.070324526168406;0.005929208360612;0.221805457025766;0.082258499227464;1.759937938302755
sort_4;16;112000;2.153859393671155;0.005628907121718;0.241706763394177;0.134388436563313;1.758193803951144
sort_4;16;112000;2.053884431719780;0.005844813771546;0.200905503705144;0.082777554169297;1.759934882633388
sort_4;16;112000;2.227749781683087;0.015402293764055;0.331223106011748;0.103290529921651;1.769677017815411
sort_4;16;112000;2.085584153421223;0.005918760783970;0.225882213562727;0.082911531440914;1.770466404035687
sort_4;16;112000;2.235323811881244;0.027798859402537;0.321002979762852;0.115783263929188;1.762439819984138
sort_4;16;112000;2.189539332874119;0.027481564320624;0.275736220180988;0.119865641929209;1.762247413396835
sort_4;16;112000;2.154301964677870;0.028225428424776;0.247999277897179;0.115731922909617;1.758179022930562
sort_4;16;112000;2.154463840648532;0.027470489963889;0.254208151251078;0.107541250996292;1.761095064692199
sort_4;16;112000;2.186502279713750;0.027417576871812;0.310001798905432;0.082872126251459;1.762064754031599
sort_4;16;112000;2.087085673585534;0.015259979292750;0.222909052856266;0.082323329523206;1.762468615546823
sort_4;15;105000;2.326357811689377;0.026975839398801;0.488004883751273;0.139831583946943;1.662443079985678
sort_4;15;105000;3.018180691637099;0.032926653511822;0.517058539204299;0.172419014386833;2.278966426849365
sort_4;15;105000;2.321966395713389;0.025255986489356;0.436619448475540;0.164242411963642;1.683669946156442
sort_4;15;105000;2.171969259157777;0.016356416977942;0.357121339999139;0.139656485058367;1.646576516330242
sort_4;15;105000;2.764756159856915;0.029925298877060;0.518024094402790;0.245492810383439;1.955190882086754
sort_4;15;105000;2.918273971416056;0.029884367249906;0.504930016584694;0.264419979415834;2.098864198662341
sort_4;15;105000;1.952206535264850;0.006299852393568;0.206511069089174;0.088977287523448;1.646245339885354
sort_4;15;105000;2.705872299149632;0.024929122067988;0.471154650673270;0.196661546826363;2.000893143005669
sort_4;15;105000;2.628563345409930;0.030911008827388;0.421801340766251;0.219710576348007;1.936010472476482
sort_4;15;105000;3.441076788119972;0.033793595619500;0.474060652777553;0.286854677833617;2.626164026558399
sort_4;15;105000;2.378885174170136;0.036694124341011;0.475141814909875;0.199443878605962;1.651431057602167
sort_4;15;105000;1.999128206633031;0.016055048443377;0.242038981989026;0.089848168194294;1.646896759979427
sort_4;15;105000;2.136176753789186;0.007194550707936;0.311790820211172;0.162015396170318;1.633856016211212
sort_4;15;105000;2.132264439947903;0.023123773746192;0.359572017565370;0.089154279790819;1.652173586189747
sort_4;15;105000;2.103179062716663;0.016367929987609;0.345965541899204;0.088629349134862;1.647956231608987
sort_4;15;105000;2.180943653918803;0.026387228630483;0.407768845558167;0.089258291758597;1.649364228360355
sort_4;15;105000;2.096276000142097;0.016424714587629;0.339603982865810;0.089213476516306;1.646854405291378
sort_4;15;105000;1.981200280599296;0.015950888395309;0.226150969974697;0.088757173158228;1.646116591058671
sort_4;15;105000;1.998354645445943;0.015993318520486;0.241828856058419;0.089320581406355;1.647016813978553
sort_4;15;105000;2.159507968463004;0.028660161420703;0.327566821128130;0.139804476872087;1.655178731307387
