sort_1;12;0.394600898958743;0.009648671955802;0.096808803966269;0.155091556953266;0.003574401023798
sort_1;12;0.395403734059073;0.008686793036759;0.096659600036219;0.155264000990428;0.003947930992581
sort_1;12;0.394133415073156;0.008699341095053;0.095484192017466;0.155077427974902;0.003716278006323
sort_1;12;0.394910232047550;0.008806069032289;0.095539468922652;0.154645884060301;0.005219505052082
sort_1;12;0.395172546035610;0.008857110049576;0.095566252013668;0.155185236944817;0.003722631954588
sort_1;12;0.484668722958304;0.012374846963212;0.119886329979636;0.155580005957745;0.005519584985450
sort_1;12;0.392487771925516;0.008224383927882;0.095616388949566;0.155523581081070;0.003713145037182
sort_1;10;0.421128539019264;0.009955200948752;0.104229505988769;0.190691940020770;0.002692235982977
sort_1;10;0.432047824957408;0.021589634940028;0.105310553917661;0.190323463990353;0.002354444935918
sort_1;10;0.434962263097987;0.010153151000850;0.121917131007649;0.192354826023802;0.003019366995431
sort_1;10;0.434042206965387;0.010359214968048;0.104226151015610;0.192591272993013;0.003796456032433
sort_1;10;0.432944378000684;0.019561109016649;0.104481074027717;0.190078255953267;0.002332717063837
sort_1;10;0.417749012936838;0.010329952929169;0.104119009920396;0.189668201026507;0.002679249970242
sort_1;10;0.419450117973611;0.010307185002603;0.104559116065502;0.190008367062546;0.003429896081798
sort_1;10;0.417153452057391;0.010295602958649;0.105169634101912;0.188773775938898;0.002691891975701
sort_1;10;0.416444965987466;0.010241965996101;0.104327613953501;0.189117152942345;0.002670982968993
sort_1;10;0.419296334963292;0.010278804926202;0.105814225971699;0.189073113026097;0.004087232053280
sort_1;10;0.419130894006230;0.010416510980576;0.104395385016687;0.189161134068854;0.003808984998614
sort_1;10;0.422336345072836;0.010138196987100;0.110168945975602;0.190023683011532;0.002731694956310
sort_1;10;0.438508984982036;0.024943141965196;0.103997429949231;0.189247636008076;0.002272797981277
sort_1;16;0.333422078052536;0.006274497020058;0.082763232989237;0.111489425064065;0.003284606966190
sort_1;16;0.345528603065759;0.015554475015961;0.083234335994348;0.111620294046588;0.003238933975808
sort_1;16;0.435844055027701;0.006175833055750;0.098203044035472;0.111206779954955;0.004124057013541
sort_1;16;0.346207294962369;0.016504210070707;0.082809424027801;0.111720701912418;0.003280829987489
sort_1;16;0.511248014052399;0.020390829886310;0.125963137019426;0.111258581047878;0.004129908978939
sort_1;16;0.333593448973261;0.006621479988098;0.082993019022979;0.111885925056413;0.003225077060051
sort_1;16;0.332163683022372;0.006482944008894;0.082837176043540;0.111693658982404;0.003257650998421
sort_1;16;0.332187418011017;0.006332513992675;0.082886636024341;0.111392572056502;0.003251167945564
sort_1;16;0.332681011990644;0.006427421933040;0.083254658966325;0.111302623990923;0.003269398934208
sort_1;16;0.335691026994027;0.006296694977209;0.082696161000058;0.111209042021073;0.003220765967853
sort_1;16;0.333511244971305;0.006469721090980;0.083268982009031;0.111713426886126;0.003319606999867
sort_1;16;0.331052685040049;0.006353921955451;0.083287647925317;0.111490032984875;0.003291319007985
sort_1;16;0.332483893958852;0.006460010074079;0.083173854043707;0.111254321062006;0.003278604010120
sort_1;16;0.332699181977659;0.006306173978373;0.082769328961149;0.111592875095084;0.003230424947105
sort_1;16;0.345291938050650;0.016536328941584;0.083557309932075;0.111560671008192;0.003117352956906
sort_1;16;0.456086974940263;0.015978386974894;0.099281701026484;0.111407215939835;0.004119554068893
sort_1;16;0.482153596938588;0.016382846049964;0.171588314929977;0.150376350968145;0.003591420012526
sort_1;16;0.342193939955905;0.018207231070846;0.082819120958447;0.111722169094719;0.003287613973953
sort_1;16;0.334240469965152;0.006550664082170;0.083089896012098;0.111741519067436;0.003292103996500
sort_1;16;0.332731164991856;0.006311611039564;0.083180901943706;0.111548540065996;0.003235016018152
sort_1;13;0.380164272035472;0.008254701970145;0.092617579037324;0.140910104964860;0.004088826011866
sort_1;13;0.378346038982272;0.007986995042302;0.092570828972384;0.140731210005470;0.004205247038044
sort_1;13;0.378828929038718;0.008308522985317;0.093249418074265;0.141123002977110;0.004206162062474
sort_1;13;0.380220458027907;0.008035990991630;0.092175135971047;0.141316846013069;0.004505440010689
sort_1;13;0.383892361074686;0.008185993996449;0.092288402956910;0.141380112967454;0.004479777999222
sort_1;13;0.382973987027071;0.007988879922777;0.092458211933263;0.141035462031141;0.004390369984321
sort_1;13;0.380891930893995;0.008097584941424;0.092213487019762;0.140865886001848;0.004718141048215
sort_1;13;0.395440077059902;0.019004650996067;0.093096573953517;0.141580326948315;0.002777180983685
sort_1;13;0.396134298061952;0.018742743995972;0.092991193989292;0.141088931006379;0.003620119998232
sort_1;13;0.402323074056767;0.023192985914648;0.093016088008881;0.141567242098972;0.002958878991194
sort_1;13;0.399668085970916;0.019092972972430;0.092820423073135;0.141320180962794;0.003708756994456
sort_1;13;0.399800892919302;0.019495754968375;0.093076554941945;0.141155887977220;0.002908086986281
sort_1;13;0.386283966014162;0.007796462974511;0.093106181011535;0.141378502012230;0.004534750012681
sort_1;13;0.381961847073399;0.008074950077571;0.092497579054907;0.141267700004391;0.005364743992686
sort_1;13;0.378477234975435;0.008432333939709;0.092414379003458;0.141041378024966;0.004417484975420
sort_1;13;0.381104705971666;0.008048130082898;0.093933450989425;0.141464923042804;0.004762590047903
sort_1;13;0.380125968949869;0.008001134032384;0.093614105950110;0.141062889946625;0.003903664997779
sort_1;13;0.375021087005734;0.007618156960234;0.091894628014416;0.141130971023813;0.004086590022780
sort_1;13;0.377042512991466;0.008247128920630;0.092355489032343;0.141432243981399;0.003922305069864
sort_1;13;0.377472567954101;0.007607405073941;0.092118951026350;0.141020367969759;0.003898194991052
sort_1;14;0.402189722983167;0.007183438981883;0.089278887026012;0.130179191008210;0.002679424011149
sort_1;14;0.411560254055075;0.020964871975593;0.089483171934262;0.130418358952738;0.004490409977734
sort_1;14;0.381658955942839;0.018247304018587;0.091041853069328;0.129763967008330;0.003146411967464
sort_1;14;0.368971675052308;0.007336018956266;0.088752922951244;0.129635895951651;0.004472930915654
sort_1;14;0.369736052001826;0.007175348931924;0.088826860999689;0.130187431932427;0.004172050044872
sort_1;14;0.353761923033744;0.007311836001463;0.088561414042488;0.130267575965263;0.004488863982260
sort_1;14;0.506198680028319;0.028333790018223;0.115750688011758;0.130090876948088;0.005393452011049
sort_1;14;0.417383633088320;0.017190620070323;0.089847401948646;0.130264065926895;0.003399479086511
sort_1;14;0.370682871085592;0.007496654987335;0.089633389026858;0.129946919973008;0.004294638056308
sort_1;14;0.384703346993774;0.007000337005593;0.088964548078366;0.129911619005725;0.003963741008192
sort_1;14;0.370939676999114;0.007385564036667;0.088577973074280;0.130292330053635;0.004574917955324
sort_1;14;0.377635265933350;0.013445093994960;0.088992232922465;0.129482775926590;0.004287109011784
sort_1;14;0.371958139934577;0.007225485984236;0.088907242054120;0.130448881071061;0.004382431972772
sort_1;14;0.391857136972249;0.019742444041185;0.089339582016692;0.129616489051841;0.003069756901823
sort_1;14;0.393879476934671;0.011040589073673;0.089725232101046;0.129249577992596;0.003423627000302
sort_1;14;0.388101410004310;0.017013352015056;0.089848134899512;0.130358700989746;0.003448758972809
sort_1;14;0.369680752977729;0.007489821990021;0.088766150991432;0.129524402087554;0.004489069920965
sort_1;14;0.377315112971701;0.016319873044267;0.089533134014346;0.130025989026763;0.004295937018469
sort_1;14;0.364445918006822;0.007349280989729;0.089367053005844;0.131702926941216;0.002166351070628
sort_1;14;0.383677004952915;0.018139279913157;0.088867345009930;0.129853672930039;0.003429381991737
sort_1;11;0.398408178007230;0.009376567089930;0.098322110949084;0.171576305059716;0.003076976048760
sort_1;11;0.414474369958043;0.021746961981989;0.098365254933015;0.171948246075772;0.002168455976062
sort_1;11;0.394588133087382;0.009281434933655;0.098332231980748;0.171067175921053;0.004073195974343
sort_1;11;0.404404273955151;0.015750487917103;0.098481204011478;0.170546984067187;0.002089375979267
sort_1;11;0.402531993924640;0.009344171965495;0.106676612049341;0.170726209995337;0.004222079063766
sort_1;11;0.410874500987120;0.018307299935259;0.098289891961031;0.170967527898028;0.002312870929018
sort_1;11;0.396831450983882;0.009325650986284;0.098561067017727;0.170877830008976;0.004037842969410
sort_1;11;0.395266995998099;0.009476357954554;0.098543554078788;0.171442896942608;0.004075428005308
sort_1;11;0.404780125943944;0.014603856019676;0.098492335062474;0.171171366004273;0.002194247092120
sort_1;11;0.393215381074697;0.009132999926805;0.098394262022339;0.170620550052263;0.003560969023965
sort_1;11;0.393227042979561;0.009430837933905;0.098416242981330;0.171284320997074;0.002913941978477
sort_1;11;0.391523616970517;0.009340696968138;0.098203842993826;0.171078722923994;0.002959034987725
sort_1;11;0.393243434024043;0.009303873986937;0.098306494066492;0.170649699051864;0.003046109923162
sort_1;11;0.392661551013589;0.009335529059172;0.098492773016915;0.170330471009947;0.003427451942116
sort_1;11;0.394449127023108;0.009150227997452;0.098409198923036;0.170684100012295;0.003482216037810
sort_1;11;0.391080584027804;0.009397256071679;0.098249223083258;0.170383361983113;0.003262410988100
sort_1;11;0.402276030043140;0.014531390042976;0.097868204000406;0.170664197998121;0.002124088932760
sort_1;11;0.402062802924775;0.014436383033171;0.098042647936381;0.171125861932524;0.003125497954898
sort_1;11;0.403542250976898;0.016205069026910;0.097979455022141;0.170632041990757;0.002019428997301
sort_1;11;0.394861673936248;0.009195717982948;0.097850630991161;0.170258444966748;0.002632088027894
sort_1;9;0.452937539899722;0.011443623923697;0.110607540002093;0.215436466969550;0.002992528025061
sort_1;9;0.449096299940720;0.011377710034139;0.110922990948893;0.215252908994444;0.002967495005578
sort_1;9;0.450505898916163;0.011304683983326;0.109711179975420;0.214477797970176;0.003020253963768
sort_1;9;0.450107033015229;0.011345798033290;0.109312477987260;0.214840360102244;0.003400788060389
sort_1;9;0.451407882967032;0.011437130044214;0.110759680974297;0.215118720894679;0.003322256961837
sort_1;9;0.449862049077637;0.011472170939669;0.110004173009656;0.214136880007572;0.002936762990430
sort_1;9;0.447232916951180;0.011480945046060;0.109463516972028;0.214988518040627;0.003188262926415
sort_1;9;0.450671865022741;0.011394409928471;0.109761838917620;0.215290020103566;0.002865315997042
sort_1;9;0.446318280068226;0.011389444000088;0.109362271032296;0.214306704001501;0.003258127951995
sort_1;9;0.448465920053422;0.011277170036919;0.110312781063840;0.215882778982632;0.003239222918637
sort_1;9;0.457958410959691;0.011493821977638;0.110853404039517;0.216913833981380;0.002391457906924
sort_1;9;0.457124292035587;0.011294370051473;0.110113200964406;0.215383952949196;0.002638556063175
sort_1;9;0.450398645014502;0.011488331016153;0.109559581032954;0.215131253004074;0.002977769006975
sort_1;9;0.450014715082943;0.011530866962858;0.111127858050168;0.214786774013191;0.003008725936525
sort_1;9;0.448327500955202;0.011376696988009;0.110525911091827;0.214965431950986;0.003610724001192
sort_1;9;0.458744409028441;0.011543084983714;0.110946767963469;0.215462299995124;0.002397375996225
sort_1;9;0.451572861056775;0.011509864008985;0.110707027954049;0.214414551039226;0.002991743036546
sort_1;9;0.447065633954480;0.011618643999100;0.109398513915949;0.213908293051645;0.003351617022417
sort_1;9;0.445867153932340;0.011442595045082;0.109476393903606;0.214758054004051;0.003191380994394
sort_1;9;0.451720270910300;0.011254182900302;0.110983633087017;0.214603655971587;0.003171442076564
sort_1;15;0.566779005923308;0.025892802048475;0.121232724050060;0.120038591092452;0.003889414016157
sort_1;15;0.482315900968388;0.017322574043646;0.162798163015395;0.133708368055522;0.002425984013826
sort_1;15;0.458848542068154;0.017387422965840;0.143548235064372;0.119683856959455;0.003858571057208
sort_1;15;0.376782131963409;0.021303166053258;0.086189748020843;0.120551023981534;0.002869857009500
sort_1;15;0.542414847062901;0.021143138990737;0.115375038934872;0.120187599095516;0.002775911008939
sort_1;15;0.376939250039868;0.017074530944228;0.087455919943750;0.120311058009975;0.001825628918596
sort_1;15;0.413622826919891;0.006788309896365;0.114413455943577;0.119980902993120;0.004071054980159
sort_1;15;0.387312651029788;0.016247667954303;0.088599267997779;0.120575758977793;0.001644355943426
sort_1;15;0.371147750993259;0.017011086107232;0.086708953953348;0.120466763968579;0.002580653061159
sort_1;15;0.395209928974509;0.006998574011959;0.085734602995217;0.120215118047781;0.002374812029302
sort_1;15;0.382639124989510;0.017358909011818;0.087564387940802;0.120357833919115;0.002290735021234
sort_1;15;0.372709522023797;0.008779573952779;0.085816025035456;0.120371562079526;0.002524756942876
sort_1;15;0.380787307047285;0.006861662026495;0.086672459030524;0.120227370061912;0.002840945031494
sort_1;15;0.556998083018698;0.014994504046626;0.260146895889193;0.123396377079189;0.001772486953996
sort_1;15;0.561090481933206;0.014113817946054;0.117651696898974;0.120281419018283;0.002648751949891
sort_1;15;0.586229414911941;0.006910122931004;0.165810399921611;0.190898585948162;0.002710376982577
sort_1;15;0.546943543013185;0.008690739981830;0.115351826068945;0.120629457989708;0.003688693046570
sort_1;15;0.475399694987573;0.007016362971626;0.197186839999631;0.120201824931428;0.003099791938439
sort_1;15;0.391990391071886;0.006952377967536;0.085690253996290;0.119972668006085;0.002155672991648
sort_1;15;0.454684896976687;0.021087338915095;0.110527966055088;0.120236490038224;0.003662648960017
sort_1;5;0.686779852025211;0.020555377937853;0.155355843016878;0.411841302062385;0.003161606960930
sort_1;5;0.687797402963042;0.020690790028311;0.155765141011216;0.411749977036379;0.003253277973272
sort_1;5;0.684006799012423;0.020226006978191;0.155472397920676;0.411009973962791;0.003423688933253
sort_1;5;0.683676329092123;0.020312219974585;0.155540384002961;0.411524844937958;0.003502327017486
sort_1;5;0.683287173975259;0.020410564029589;0.155111452913843;0.409685657010414;0.003378471010365
sort_1;5;0.686550022917800;0.020550763932988;0.155232609948143;0.412788226967677;0.003480076091364
sort_1;5;0.682598905987106;0.020171510986984;0.155141461989842;0.412254728027619;0.003417290979996
sort_1;5;0.684079647064209;0.020569091080688;0.155553804012015;0.411414169939235;0.003495557000861
sort_1;5;0.686258860980161;0.020349757047370;0.155220252927393;0.412607055972330;0.003386204945855
sort_1;5;0.687940067960881;0.020436512073502;0.157394882990047;0.412325821002014;0.003514858079143
sort_1;5;0.682670086971484;0.020243702107109;0.155387125094421;0.411606385954656;0.003363483003341
sort_1;8;0.485586641996633;0.013022113998886;0.118460695957765;0.243745008017868;0.002996583993081
sort_1;8;0.485801686998457;0.012832812033594;0.119165524956770;0.243796251015738;0.002960247045849
sort_1;8;0.492421198985539;0.013024646032136;0.118584696960170;0.245984364999458;0.003059144015424
sort_1;8;0.491022605972830;0.012594192987308;0.119009455025662;0.246151406026911;0.003050504019484
sort_1;8;0.488699614012148;0.012698652979452;0.118890812969767;0.244723938987590;0.002948698005639
sort_1;8;0.486153446021490;0.012951796990819;0.118239663948771;0.245028356031980;0.003000174998306
sort_1;8;0.487864496011753;0.012847766978666;0.119128246966284;0.245028538978659;0.002990515029524
sort_1;8;0.486396799969953;0.013024043000769;0.119371659005992;0.244180937996134;0.003073139989283
sort_1;8;0.486433427024167;0.012772481015418;0.118508423969615;0.243764681974426;0.003037434013095
sort_1;8;0.485799967020284;0.012800177035388;0.119130883016624;0.244231365970336;0.002943322993815
sort_1;8;0.488768219016492;0.013102644996252;0.118816258967854;0.245348822034430;0.002968716959003
sort_1;8;0.486452583980281;0.012543982011266;0.118392007017974;0.244936064002104;0.003081728995312
sort_1;8;0.486565358005464;0.012784211023245;0.118623511982150;0.244674011017196;0.003053791995626
sort_1;8;0.487015541002620;0.012801799981389;0.119202925008722;0.243882290029433;0.003066884994041
sort_1;8;0.486473035998642;0.012928660027683;0.119237667997368;0.244102533033583;0.003240500052925
sort_1;8;0.490233315038495;0.013018125027884;0.118844582000747;0.246005939028692;0.003005672013387
sort_1;8;0.490271324990317;0.012996424979065;0.119430256017949;0.244907990039792;0.003075396001805
sort_1;8;0.485359899001196;0.012799824995454;0.117847885994706;0.244084695994388;0.002957438002340
sort_1;8;0.483889741997700;0.012509206018876;0.117737302032765;0.243390852992889;0.003025176993106
sort_1;8;0.485667246044613;0.012855575012509;0.117804537003394;0.243469247012399;0.003012488014065
sort_1;7;0.610356100951321;0.029109223978594;0.181810709997080;0.283252726891078;0.002836143947206
sort_1;7;0.595887793926522;0.032650341978297;0.126202913932502;0.284084368031472;0.002635103999637
sort_1;7;0.653276415076107;0.032909923000261;0.192394112003967;0.283240112010390;0.002759650000371
sort_1;7;0.630795578006655;0.032649830915034;0.178086401079781;0.283732362906449;0.003119186963886
sort_1;7;0.554472294053994;0.031029667006806;0.126479711965658;0.283177420031279;0.002605121000670
sort_1;7;0.560174996033311;0.035950400982983;0.127431711996906;0.283279625000432;0.003015157068148
sort_1;7;0.555310597992502;0.027272969949991;0.126610397011973;0.284431271022186;0.002847212948836
sort_1;7;0.570588650996797;0.036210941965692;0.129756430978887;0.283499057986774;0.002858416992240
sort_1;7;0.558112287078984;0.031788988038898;0.127564292051829;0.284134923014790;0.002611291012727
sort_1;7;0.678254000958987;0.036182864918374;0.246396048925817;0.283729885006323;0.003041276009753
sort_1;7;0.547630814951845;0.030849590082653;0.126387579017319;0.284512075944804;0.002703440957703
sort_1;7;0.554341100971214;0.027564496034756;0.126404384034686;0.283245585043915;0.002921529929154
sort_1;7;0.549393433029763;0.016973769990727;0.126240793033503;0.283308663987555;0.002604458946735
sort_1;7;0.792917617014609;0.036487152101472;0.248142627999187;0.283398134983145;0.002818751032464
sort_1;7;0.640162497991696;0.031239378964528;0.218937208061107;0.282837118953466;0.002992784953676
sort_1;7;0.543803962995298;0.027388522983529;0.126693792059086;0.283023436088115;0.002713617053814
sort_1;7;0.557177171926014;0.023201341973618;0.127512403065339;0.283325326978229;0.003009084961377
sort_1;7;0.552668771008030;0.027143002953380;0.126789557980374;0.283778710057959;0.002610726049170
sort_1;7;0.551002210006118;0.018247285974212;0.127274870988913;0.283518973970786;0.002616830985062
sort_1;7;0.549825093010440;0.027001291979104;0.126347918063402;0.282814911101013;0.002761387964711
sort_1;6;0.601581288035959;0.016846471000463;0.138530755997635;0.337305012042634;0.003525572014041
sort_1;6;0.601880530011840;0.016993311000988;0.138411903986707;0.338166459929198;0.003575329086743
sort_1;6;0.601886795018800;0.017040116013959;0.138513172976673;0.338088423013687;0.003443083958700
sort_1;6;0.601392499054782;0.016690260963514;0.139049913967028;0.337393529014662;0.003501594997942
sort_1;6;0.602962570032105;0.017053390969522;0.138755307998508;0.337373425019905;0.003527411026880
sort_1;6;0.602196256979369;0.016950343968347;0.139136795070954;0.337739176000468;0.003472839016467
sort_1;6;0.604671040084213;0.017052763956599;0.138598739053123;0.338662507012486;0.003508326015435
sort_1;6;0.601985419983976;0.016919759917073;0.138589091948234;0.339128430001438;0.003501305007376
sort_1;6;0.604289793060161;0.017029694048688;0.139275458059274;0.338385842973366;0.003454852034338
sort_1;6;0.601606945972890;0.016682343906723;0.140065227053128;0.338334806030616;0.003524053026922
sort_1;6;0.602861479041167;0.017096152994782;0.138511377037503;0.338105542934500;0.003588974010199
sort_1;6;0.602201642002910;0.016874616034329;0.138734707026742;0.337926196982153;0.003571766079403
sort_1;6;0.600547695066780;0.016896977089345;0.138516401988454;0.337568640941754;0.003523990046233
sort_1;6;0.601610059966333;0.016801151912659;0.139997476013377;0.338194145006128;0.003560794051737
sort_1;6;0.601892167003825;0.017064925981686;0.139379224041477;0.336131738964468;0.003477232996374
sort_1;6;0.604711066000164;0.016906119068153;0.138471381040290;0.337597004952841;0.003584327059798
sort_1;6;0.603529172018170;0.016718916944228;0.139851520070806;0.338679287931882;0.003541324054822
sort_1;6;0.602877998026088;0.016843887977302;0.138263768982142;0.338133428944275;0.003488964983262
sort_1;6;0.602151126018725;0.016915051965043;0.138925303937867;0.338078100001439;0.003486428991891
sort_1;6;0.601316724088974;0.017013081931509;0.139896539039910;0.336817845003679;0.003472975920886
sort_1;4;0.843943148036487;0.025681145023555;0.183085964992642;0.526616918039508;0.004316859995015
sort_1;4;0.845447401981801;0.025539331953041;0.185919882031158;0.529418293968774;0.004082691972144
sort_1;4;0.840066944016144;0.025265497039072;0.181919206981547;0.527848768047988;0.004337066086009
sort_1;4;0.838223000988364;0.025724426028319;0.181766182067804;0.527563055045903;0.004667589906603
sort_1;4;0.848102311021648;0.025309117976576;0.184469486004673;0.528643182013184;0.004394470946863
sort_1;4;0.867607927066274;0.025864130933769;0.182470245985314;0.555933611001819;0.004633123055100
sort_1;4;0.923748426954262;0.025690780021250;0.226410856004804;0.560619755066000;0.004159119911492
sort_1;4;1.110419437056407;0.025671252049506;0.184155520983040;0.802622187067755;0.004084024927579
sort_1;4;0.840100074070506;0.025662133004516;0.182220311020501;0.530415697954595;0.004634405020624
sort_1;4;0.837469183956273;0.025633773999289;0.183025473961607;0.527927674935199;0.004231360973790
sort_1;4;0.971032163011841;0.025581589085050;0.228021943010390;0.602807992021553;0.004466838086955
sort_1;4;0.847673870972358;0.025466769002378;0.185515385004692;0.528475400060415;0.004143782076426
sort_1;4;0.868865855969489;0.025667128036730;0.183919937000610;0.551349597983062;0.004129167995416
sort_1;4;0.978256738046184;0.025636140955612;0.181958201923408;0.670129099977203;0.004206669982523
sort_1;4;0.851790296961553;0.039929363992997;0.182254609069787;0.529418705962598;0.004739727010019
sort_1;4;0.829895808012225;0.025531198014505;0.184183183941059;0.527738224016502;0.006594397942536
sort_1;4;0.856388252926990;0.025636323029175;0.190949464915320;0.537367535987869;0.004669956979342
sort_1;4;1.036180917988531;0.025677411933430;0.182081831968389;0.724441280937754;0.004468698985875
sort_1;4;0.835895133088343;0.025495501933619;0.182897543068975;0.525415581068955;0.004315565922298
sort_1;4;1.020772039075382;0.025563989998773;0.183929810998961;0.704094666056335;0.004192186053842
sort_1;3;1.092098125023767;0.035099557018839;0.253241937956773;0.744952897075564;0.006149212014861
sort_1;3;1.073599029914476;0.033971339929849;0.232810831046663;0.725440679001622;0.006119268015027
sort_1;3;1.075254910974763;0.034089226974174;0.234254390001297;0.733264595968649;0.006011410965584
sort_1;3;1.065122919972055;0.033947568968870;0.232776554999873;0.724554709973745;0.006069440045394
sort_1;3;1.070103939971887;0.034369354019873;0.234457676997408;0.734417618950829;0.005575666087680
sort_1;3;1.073245580075309;0.034318602061830;0.232720231055282;0.732714526006021;0.005634373985231
sort_1;3;1.076458728988655;0.034256967017427;0.235551174031571;0.734017160022631;0.005939109018072
sort_1;3;1.071396550978534;0.034128186991438;0.233105267980136;0.731138014001772;0.005689092911780
sort_1;3;1.076015789993107;0.034347942913882;0.238808159949258;0.736248863046058;0.005954600987025
sort_1;3;1.066484706010669;0.034084019949660;0.229330654023215;0.731099068070762;0.005950947990641
sort_1;3;1.068758414010517;0.034133179928176;0.232007446000353;0.733616836019792;0.005983945913613
sort_1;3;1.063020995934494;0.033978816936724;0.231930747977458;0.723509431001730;0.006142509984784
sort_1;3;1.073136663995683;0.034339278005064;0.234710979042575;0.734691475052387;0.005941819981672
sort_1;3;1.067200058023445;0.034038780024275;0.232282821903937;0.729181327973492;0.006075470941141
sort_1;3;1.071921641007066;0.033941247034818;0.233039253042080;0.732342014904134;0.005958748050034
sort_1;3;1.059266283991747;0.033852100023068;0.232225007959642;0.717592655098997;0.006073005031794
sort_1;3;1.072518151951954;0.034126212936826;0.235916331061162;0.732751970994286;0.005964891985059
sort_1;3;1.058134649996646;0.034062367980368;0.233819574001245;0.718431994086131;0.006063480046578
sort_1;3;1.068837346043438;0.033934659906663;0.233378574019298;0.732300929026678;0.005975278094411
sort_1;3;1.065747771994211;0.034225411014631;0.232071527978405;0.724302029004321;0.005614266032353
sort_1;2;1.506226102006622;0.050861190073192;0.286365552921779;1.143266308004968;0.008270499994978
sort_1;2;1.502963821985759;0.050455432035960;0.285980670945719;1.140925535932183;0.008150948910043
sort_1;2;1.501057651010342;0.050759740988724;0.286182657000609;1.138628831016831;0.007919393945485
sort_1;2;1.505201281048357;0.050561608979478;0.286417698953301;1.141915456973948;0.008378140046261
sort_1;2;1.533625832991675;0.057900005951524;0.297293809009716;1.143733736011200;0.008306483970955
sort_1;2;1.756337414029986;0.050921058980748;0.290386623004451;1.390292754047550;0.008295061998069
sort_1;2;1.526043521007523;0.057745900936425;0.295239784987643;1.138632363057695;0.008539259899408
sort_1;2;1.501791684888303;0.051253997022286;0.286809495999478;1.138326635933481;0.008293536957353
sort_1;2;1.505213252967224;0.050940771005116;0.285009918035939;1.139436357072555;0.007314176997170
sort_1;2;1.668763743015006;0.050344247021712;0.286451851017773;1.138529492076486;0.008324938942678
sort_1;2;1.522225197055377;0.059265215066262;0.293512364965864;1.144091056892648;0.008298412081786
sort_1;2;1.515537581988610;0.058909061015584;0.290571540012024;1.140604077954777;0.007864714018069
sort_1;2;1.500577514991164;0.050521716941148;0.286196033004671;1.137978723971173;0.008348415954970
sort_1;2;1.526463730959222;0.059355078963563;0.295514693018049;1.145801455015317;0.008515013963915
sort_1;2;1.537254533963278;0.058577678049915;0.293530539027415;1.140091249020770;0.008372942917049
sort_1;2;1.523561057983898;0.059673584997654;0.292835621978156;1.145655802916735;0.007836826960556
sort_1;2;1.521364407963119;0.059155445080251;0.292018885957077;1.144423694931902;0.008610392920673
sort_1;2;1.514178644982167;0.050050350022502;0.290716716088355;1.146733509958722;0.008462643949315
sort_1;2;1.508106010034680;0.050934611936100;0.290544130024500;1.141993642086163;0.008338999934494
sort_1;2;1.537096947897226;0.058455753023736;0.302689381991513;1.140806237002835;0.007890369044617
sort_1;1;2.902562255039811;0.100804800982587;0.322332659037784;2.454341976903379;0.015588163980283
sort_1;1;2.903113345033489;0.099904411006719;0.323418432031758;2.456483999034390;0.014070034027100
sort_1;1;2.962856411002576;0.100786435999908;0.324980295030400;2.511805096990429;0.015901106991805
sort_1;1;3.107244411949068;0.300196547992527;0.323950824094936;2.458456974942237;0.015443447045982
sort_1;1;3.079447996919043;0.101065273978747;0.324013501987793;2.629154727095738;0.015865209978074
sort_1;1;2.899516858975403;0.099496163078584;0.323614804074168;2.453488063998520;0.013746867072769
sort_1;1;2.905431352090091;0.099754246999510;0.326806537923403;2.453377621946856;0.015450767939910
sort_1;1;2.904552231077105;0.099694486008957;0.324102890910581;2.456653135945089;0.014720403007232
sort_1;1;2.913976626005024;0.100627074018121;0.337229334982112;2.451568666961975;0.015315020922571
sort_1;1;2.912436809972860;0.099229110986926;0.322607169975527;2.463626974029467;0.015467516961507
sort_1;1;2.900386422988959;0.099843500996940;0.323782257037237;2.452790116076358;0.014199080993421
sort_1;1;2.904133363976143;0.099837600020692;0.323007480939850;2.456326482933946;0.015390118001960
sort_1;1;2.906268820981495;0.099577349959873;0.322949700057507;2.458932328037918;0.015546470065601
sort_1;1;2.907207107986324;0.099694279022515;0.327752395067364;2.456281786086038;0.014199538971297
sort_1;1;2.898145749000832;0.099904136965051;0.323166719987057;2.451355341007002;0.014187018969096
sort_1;1;2.906025722972117;0.100361344055273;0.323870162945241;2.456815292942338;0.015435475972481
sort_1;1;2.894285148009658;0.099701376981102;0.323935663094744;2.446122969035059;0.015333126997575
sort_1;1;2.898854900035076;0.099167266045697;0.327968838042580;2.447153274086304;0.015409397077747
sort_1;1;2.896795742912218;0.098800738924183;0.324227256001905;2.450747759896331;0.013765353942290
sort_1;1;2.908071935991757;0.101030544028617;0.323493905016221;2.458581929909997;0.015715516987257
